has_ip_address,url_length,url_depth,has_at_symbol,has_double_slash_redirect,has_http_in_domain,is_shortened_url,has_dash_in_domain,subdomain_count,has_suspicious_tld,digit_ratio_in_domain,special_char_count,entropy_domain,entropy_path,has_port,domain_age_days,domain_expiry_days,whois_available,has_dns_a_record,has_mx_record,dns_ip_count,typosquatting_detected,typosquatting_edit_distance,has_homoglyph,registrar_is_free,uses_https,ssl_valid,ssl_days_until_expiry,ssl_self_signed,ssl_issuer_trusted,redirect_count,has_suspicious_keywords,num_query_params,has_brand_in_subdomain,url_has_encoded_chars,virustotal_positives,is_tor_exit_node,hidden_url_mismatch,is_blacklisted,phishtank_listed,url,label
0,205,2,0,0,0,0,0,1,0,0.0,6,2.2516,3.2202,0,-1,-1,0,1,0,1,0,0,0,0,1,0,-1,1,0,0,0,2,0,0,0,0,0,0,0,https://forms.office.com/pages/responsepage.aspx?id=DQSIkWdsW0yxEjajBLZtrQAAAAAAAAAAAAO__WN1clNUMFBNSFU5NENVT1JYOEdOQ1BQNlRSOUEwTy4u&amp;fbclid=IwAR3anjdoohfit7BXzpbQv-mvYlIwJV8y3p8COMhjh3SYArGGrthc8FhfuWg,1
0,19,0,0,0,0,0,0,0,0,0.0,1,2.5216,0.0,0,-1,-1,0,1,1,1,0,0,0,0,1,0,-1,1,0,0,0,0,0,0,0,0,0,0,0,https://youtube.com,0
0,22,1,0,0,0,0,0,0,0,0.0,1,2.0,2.8074,0,-1,-1,0,1,0,4,0,0,0,0,1,0,-1,1,0,0,0,0,0,0,0,0,0,0,0,https://qrco.de/bghXVP,1
0,40,0,0,0,0,0,1,0,0,0.0,1,3.7505,-0.0,0,-1,-1,0,1,0,1,0,0,0,0,1,0,-1,1,0,0,0,0,0,0,0,0,0,0,0,https://public-renouvellement-sante.com/,1
0,22,1,0,0,0,0,0,0,0,0.0,1,2.0,2.5216,0,-1,-1,0,1,0,4,0,0,0,0,1,0,-1,1,0,0,0,0,0,0,0,0,0,0,0,https://qrco.de/bfKHmK,1
0,187,5,0,0,0,0,0,1,0,0.0,5,3.2389,5.4671,0,-1,-1,0,1,0,3,0,0,0,0,1,0,-1,1,0,0,0,0,0,0,0,0,0,0,0,https://go.sparkpostmail.com/f/a/5lJ59ixRBtGus0Kwf-kUrQ~~/AAKhywA~/RgRpV9HVP0QdaHR0cHM6Ly90cmVuZHotc2hvcC5iZS87KWVhc3lXA3NwY0IKZ2XVTHVnsVodtVIaaXRncnVwcGVuQGJyZWRhbHNwYXJrZW4uZGtYBAAAAAA~,1
0,16,0,0,0,0,0,0,0,0,0.0,1,2.0,0.0,0,-1,-1,0,1,1,2,0,0,0,0,1,0,-1,1,0,0,1,0,0,0,0,0,0,0,0,https://ebay.com,0
0,25,1,0,0,0,0,0,0,0,0.0,1,2.0,2.9219,0,-1,-1,0,1,0,3,0,0,0,0,1,0,-1,1,0,0,0,0,0,0,0,0,0,0,0,https://tapk.it/SERVER269,1
0,32,1,0,0,0,0,0,1,0,0.0,1,2.585,2.75,0,-1,-1,0,1,0,4,0,0,0,0,1,0,-1,1,0,0,0,0,0,0,0,0,0,0,0,https://ms111m.github.io/Request,1
0,23,1,0,0,0,0,0,1,0,0.0,1,1.585,2.8074,0,-1,-1,0,1,0,4,1,2,0,0,1,0,-1,1,0,0,0,0,0,0,0,0,0,0,0,https://l.ead.me/bfIFZ2,1
0,101,1,0,0,0,0,0,2,1,0.0,1,2.0,3.4316,0,-1,-1,0,1,0,2,0,0,0,0,1,0,-1,1,0,0,1,0,0,0,0,0,0,0,0,https://bafybeihwozsbkca37gpl4alioopaguh4wssj6vmeeynfgt3xiomy2ifgla.ipfs.dweb.link/portalsupport.html,1
0,197,5,0,0,0,0,0,0,0,0.0,4,3.4183,3.6165,0,-1,-1,0,1,1,1,0,0,0,0,1,0,-1,1,0,0,1,1,0,0,0,0,0,0,0,https://profoundwhiz.com/nhghg/bvvgg/sswbv/web/authen.php?web/auth/arub12#/dashboard/overviewAccounts/overview/index=cTUDl6591bDhMrgS1pgBdNu41Ux7MxDCLbZEXfkWvVa0XQTWG9gkBeZnMXG5CVuSUnKbQnPYpyvEQ8pU,1
0,57,0,0,0,0,0,0,1,0,0.125,2,3.0,-0.0,0,-1,-1,0,0,0,0,0,0,0,0,1,0,-1,1,0,0,0,1,0,0,0,0,0,0,0,https://webapapseucroiyhkjsdgewassdg.flicker3.biz.id/?yyy,1
0,117,1,0,0,0,0,0,1,0,0.5,1,1.0,3.8696,0,-1,-1,0,1,0,2,0,0,0,0,1,0,-1,1,0,0,0,0,0,0,0,0,0,0,0,https://pub-ca632b5436f14101ab1bed023c486457.r2.dev/USER19062024UNIQUE0417061940202420240619170440_1718840486744.html,1
0,66,1,1,0,0,0,0,2,0,0.0,3,2.3219,2.5216,0,-1,-1,0,1,0,2,0,0,0,0,1,0,-1,1,0,0,0,1,0,0,0,0,0,0,0,https://dd3cb7a8.docsectypess.pages.dev/build/?email=cert@pkobp.pl,1
0,22,1,0,0,0,1,0,0,0,0.0,1,1.585,2.75,0,-1,-1,0,1,1,2,0,0,0,0,1,0,-1,1,0,0,0,0,0,0,0,0,0,0,0,https://bit.ly/4eecoWn,1
0,175,5,0,0,0,0,0,1,0,0.0,9,1.9183,5.5231,0,-1,-1,0,1,1,1,0,0,0,0,1,0,-1,1,0,0,0,3,0,0,0,0,0,0,0,https://docs.google.com/presentation/d/e/2PACX-1vTXvsGdLUpGDkzRsuDJeFC_ZCQQ5pYRzwE6914H-IVPLKXHEstNyVdejjuFZZmL7M49Vv7jDT_JJrRh/pub?start=false&amp;loop=false&amp;delayms=3000,1
0,42,1,0,1,0,0,0,1,0,0.0,4,1.0,1.0,0,-1,-1,0,1,0,1,0,0,0,0,1,0,-1,1,0,0,0,1,0,0,0,0,0,0,0,https://l.wl.co/l?u=https://qrco.de/bfNWHI,1
0,20,1,0,0,0,0,0,0,0,0.0,1,1.0,2.2359,0,-1,-1,0,1,1,6,0,0,0,0,1,0,-1,1,0,0,0,0,0,0,0,0,0,0,0,https://vk.cc/cPcRkP,1
0,167,5,0,0,0,0,0,1,0,0.0,7,1.9183,5.4645,0,-1,-1,0,1,1,1,0,0,0,0,1,0,-1,1,0,0,0,3,0,0,0,0,0,0,0,https://docs.google.com/presentation/d/e/2PACX-1vTH9HlgfRmRo5BT4zahtc0UsXQpwBBUS6fdCR-_gk-lkv6vj4BnJjKtEkW-gfyhftXnfORv9hA8d0Yp/pub?start=false&loop=false&delayms=3000,1
0,46,0,0,0,0,0,0,1,0,0.0,1,2.2516,-0.0,0,-1,-1,0,1,0,2,0,0,0,0,1,0,-1,1,0,0,0,0,0,0,0,0,0,0,0,https://trusting-confidence-990773.framer.app/,1
0,20,0,0,0,0,0,1,0,0,0.0,1,2.5216,-0.0,0,-1,-1,0,0,0,0,0,0,0,0,1,0,-1,1,0,0,0,0,0,0,0,0,0,0,0,https://chkk-tg.com/,1
0,37,1,0,0,0,0,0,1,0,0.0,1,2.9477,2.585,0,-1,-1,0,1,0,1,0,0,0,0,1,0,-1,1,0,0,0,0,0,0,0,0,0,0,0,https://intolezer.wixstudio.com/en-us,1
0,175,5,0,0,0,0,0,1,0,0.0,9,1.9183,5.5552,0,-1,-1,0,1,1,1,0,0,0,0,1,0,-1,1,0,0,0,3,0,0,0,0,0,0,0,https://docs.google.com/presentation/d/e/2PACX-1vTRSGb5TArpOhiObM5STZ7eAek3sHK2--lDXX4Bz_jcLeNOLhuBJ2mEC8WOGD77WW6avlgue9g4LQPz/pub?start=false&amp;loop=false&amp;delayms=3000,1
0,41,3,0,0,0,0,0,1,0,0.0,1,1.9183,3.3372,0,-1,-1,0,1,0,1,0,0,0,0,1,0,-1,1,0,0,0,0,0,0,0,0,0,0,0,https://sites.google.com/view/gmxcio/home,1
0,46,3,0,0,0,0,0,1,0,0.0,1,2.9477,3.166,0,-1,-1,0,1,0,1,0,0,0,0,1,0,-1,1,0,0,0,0,0,0,0,0,0,0,0,https://arki.jdevcloud.com/sabana/casa/msg.php,1
0,62,1,0,0,0,0,0,1,0,0.5,1,1.0,3.4594,0,-1,-1,0,1,0,2,0,0,0,0,1,0,-1,1,0,0,0,0,0,0,0,0,0,0,0,https://pub-6994d03159a447ae8a16b2a1176a5a27.r2.dev/index.html,1
0,22,1,0,0,0,0,0,0,0,0.0,1,2.0,2.5216,0,-1,-1,0,1,0,4,0,0,0,0,1,0,-1,1,0,0,0,0,0,0,0,0,0,0,0,https://qrco.de/bgbO8x,1
0,40,0,0,0,0,0,0,1,0,0.0,1,2.75,-0.0,0,-1,-1,0,1,0,1,0,0,0,0,1,0,-1,1,0,0,0,0,0,0,0,0,0,0,0,https://mestertignseekjet5.blogspot.com/,1
0,21,1,0,0,0,0,1,0,0,0.0,1,1.585,2.8074,0,-1,-1,0,1,0,4,0,0,0,0,1,0,-1,1,0,0,0,0,0,0,0,0,0,0,0,https://q-r.to/bfQ0R2,1
0,76,0,0,0,0,0,1,1,0,0.0,5,3.4528,-0.0,0,-1,-1,0,1,0,1,0,0,0,0,1,0,-1,1,0,0,0,2,0,0,0,0,0,0,0,https://us16.campaign-archive.com/?u=ce80a4d88a8e706010f91e6ca&id=4a1a161ab8,1
0,81,2,0,0,0,0,0,0,0,0.0,1,2.0,4.866,0,-1,-1,0,1,1,1,0,0,0,0,1,0,-1,1,0,0,0,0,0,0,0,0,0,0,0,https://ipfs.io/ipfs/bafkreidurzcblohw5tttn4gfdoe2rg7z6qfkptnzlav3u7qslkswxs42jy/,1
0,62,2,0,0,0,0,0,1,0,0.0,1,2.5216,4.4823,0,-1,-1,0,1,0,2,0,0,0,0,1,0,-1,1,0,0,0,0,0,0,0,0,0,0,0,https://survey.zigpoll.com/2wiZGe81ZMy5FKsFP/2wiZGk94LVkQ9sxvL,1
0,46,0,0,0,0,0,0,1,0,0.0,1,2.2516,-0.0,0,-1,-1,0,1,0,2,0,0,0,0,1,0,-1,1,0,0,0,0,0,0,0,0,0,0,0,https://mail-premiun-verifications.weebly.com/,1
0,27,0,0,0,0,0,0,0,0,0.0588,1,3.1751,0.0,0,-1,-1,0,0,0,0,0,0,0,0,0,0,-1,1,0,0,0,0,0,0,0,0,0,0,0,http://web3connectassets.co,1
0,30,0,0,0,0,0,1,0,1,0.5333,1,3.1396,-0.0,0,-1,-1,0,0,0,0,0,0,0,0,1,0,-1,1,0,0,0,0,0,0,0,0,0,0,0,https://nowe-18-02-2026.click/,1
0,45,1,0,0,0,0,0,1,0,0.0,1,2.585,3.5725,0,-1,-1,0,1,0,4,0,0,0,0,1,0,-1,1,0,0,1,0,0,0,0,0,0,0,0,https://revew-azan.github.io/password-subhan/,1
0,28,0,0,0,0,0,0,0,0,0.0,1,3.2359,-0.0,0,-1,-1,0,0,0,0,0,0,0,0,1,0,-1,1,0,0,0,0,0,0,0,0,0,0,0,https://algosonefrance.shop/,1
0,34,0,0,0,0,0,0,1,0,0.0,1,2.5216,-0.0,0,-1,-1,0,1,0,1,0,0,0,0,1,0,-1,1,0,0,1,0,0,0,0,0,0,0,0,https://exodus-wallets.boxmode.io/,1
0,34,0,0,0,0,0,0,1,0,0.0,1,2.2359,-0.0,0,-1,-1,0,1,0,4,0,0,0,0,1,0,-1,1,0,0,0,0,0,0,0,0,0,0,0,https://eleamannheimer.systeme.io/,1
0,75,0,0,0,0,0,1,1,0,0.0,5,3.4528,-0.0,0,-1,-1,0,1,0,1,0,0,0,0,1,0,-1,1,0,0,0,2,0,0,0,0,0,0,0,https://us4.campaign-archive.com/?u=e75e77df0ce5a872d6efc3945&id=927451558d,1
0,83,1,0,0,0,0,0,3,0,0.0,1,3.0,3.5512,0,-1,-1,0,1,0,2,0,0,0,0,1,0,-1,1,0,0,0,0,0,0,0,0,0,0,0,https://d-098ybui-hgf-1324992141.cos.ap-bangkok.myqcloud.com/h5-60h-i5079h-j9h.html,1
0,48,0,0,0,0,0,0,1,0,0.0,1,2.2516,-0.0,0,-1,-1,0,1,0,2,0,0,0,0,1,0,-1,1,0,0,0,0,0,0,0,0,0,0,0,https://novedadesenlineaitauservices.vercel.app/,1
0,37,0,0,0,0,0,0,1,0,0.0,1,2.2516,-0.0,0,-1,-1,0,1,0,2,0,0,0,0,1,0,-1,1,0,0,0,0,0,0,0,0,0,0,0,https://kaakaaaaaoooooooo.weebly.com/,1
0,46,0,0,0,0,0,0,1,0,0.0,1,2.585,-0.0,0,-1,-1,0,1,0,2,0,0,0,0,1,0,-1,1,0,0,0,0,0,0,0,0,0,0,0,https://my-business-106457-100549.square.site/,1
0,43,0,0,0,0,0,0,2,0,0.0,1,3.4183,-0.0,0,-1,-1,0,1,0,1,0,0,0,0,1,0,-1,1,0,0,0,0,0,0,0,0,0,0,0,https://sp211315.sitebeat.crazydomains.com/,1
0,18,0,0,0,0,0,0,0,0,0.0,1,2.2516,0.0,0,-1,-1,0,1,1,3,0,0,0,0,1,0,-1,1,0,0,1,0,0,0,0,0,0,0,0,https://amazon.com,0
0,23,1,0,0,0,0,0,1,0,0.0,1,1.585,2.5216,0,-1,-1,0,1,0,4,1,2,0,0,1,0,-1,1,0,0,0,0,0,0,0,0,0,0,0,https://l.ead.me/bgbkHr,1
0,21,1,0,0,0,0,1,0,0,0.0,1,1.585,2.8074,0,-1,-1,0,1,0,4,0,0,0,0,1,0,-1,1,0,0,0,0,0,0,0,0,0,0,0,https://q-r.to/bfROTM,1
0,37,0,0,0,0,0,0,1,0,0.0,1,3.0272,-0.0,0,-1,-1,0,1,0,1,0,0,0,0,1,0,-1,1,0,0,0,0,0,0,0,0,0,0,0,https://dschindewolf.myportfolio.com/,1
0,23,1,0,0,0,0,0,1,0,0.0,1,1.585,2.8074,0,-1,-1,0,1,0,4,1,2,0,0,1,0,-1,1,0,0,0,0,0,0,0,0,0,0,0,https://l.ead.me/bgZoSW,1
0,25,0,0,0,0,0,0,1,0,0.0,1,2.2516,-0.0,0,-1,-1,0,1,0,2,0,0,0,0,1,0,-1,1,0,0,0,0,0,0,0,0,0,0,0,https://gmxvx.weebly.com/,1
0,31,0,0,0,0,0,0,1,0,0.0,1,2.75,0.0,0,-1,-1,0,1,0,1,0,0,0,0,0,0,-1,1,0,0,0,0,0,0,0,0,0,0,0,http://onlwallcone.blogspot.com,1
0,26,1,0,0,0,0,0,0,0,0.0,1,1.585,3.4594,0,-1,-1,0,1,1,2,0,0,0,0,1,0,-1,1,0,0,1,0,0,0,0,0,0,0,0,https://mez.ink/xupdatenow,1
0,21,1,0,0,0,0,1,0,0,0.0,1,1.585,2.8074,0,-1,-1,0,1,0,4,0,0,0,0,1,0,-1,1,0,0,0,0,0,0,0,0,0,0,0,https://q-r.to/bgfhZB,1
0,111,2,0,0,0,0,0,1,0,0.0,5,1.9183,4.0997,0,-1,-1,0,1,0,1,0,0,0,0,1,0,-1,1,0,0,0,1,0,1,0,0,0,0,0,https://lookerstudio.google.com/reporting/399c9acc-c19a-4c46-9646-557c2a866dc7?s=o9S74St99oQ%20Trace%20Complete,1
0,26,0,0,0,0,0,0,1,0,0.0,1,1.585,-0.0,0,-1,-1,0,1,0,1,0,0,0,0,1,0,-1,1,0,0,0,0,0,0,0,0,0,0,0,https://grussegeh.web.app/,1
0,36,0,0,0,0,0,0,1,0,0.0,1,1.585,-0.0,0,-1,-1,0,1,0,1,0,0,0,0,1,0,-1,1,0,0,0,0,0,0,0,0,0,0,0,https://consantration-agire.web.app/,1
0,36,2,0,0,0,0,0,0,0,0.0,1,3.4104,2.5216,0,-1,-1,0,1,1,1,0,0,0,0,1,0,-1,1,0,0,0,0,0,0,0,0,0,0,0,https://smmpowersolutions.com/a/AR24,1
0,50,1,0,0,0,0,0,1,0,0.0,1,2.9477,3.5466,0,-1,-1,0,1,0,1,0,0,0,0,1,0,-1,1,0,0,0,0,0,0,0,0,0,0,0,https://global-software.wixstudio.com/live-desktop,1
0,21,0,0,0,0,0,0,0,0,0.0,1,2.5033,0.0,0,-1,-1,0,1,0,1,0,0,0,0,1,0,-1,1,0,0,0,0,0,0,0,0,0,0,0,https://cielcalme.com,1
0,87,1,0,0,0,0,0,1,0,0.0,3,3.2402,1.5,0,-1,-1,0,1,0,1,0,0,0,0,1,0,-1,1,0,0,0,1,0,0,0,0,0,0,0,https://apihmg.sistemasubsolar.com.br/ch/?trck=3mKWk3ufzNrGiJVA3EYyHqneD4ywOnWVvwuUfK8I,1
0,41,1,0,0,0,0,0,0,0,0.0,1,3.7216,3.3219,0,-1,-1,0,0,0,0,0,0,0,0,1,0,-1,1,0,0,0,0,0,0,0,0,0,0,0,https://fidelityworkplacect.one/page.html,1
0,22,1,0,0,0,1,0,0,0,0.0,1,1.585,3.0,0,-1,-1,0,1,1,2,0,0,0,0,1,0,-1,1,0,0,0,0,0,0,0,0,0,0,0,https://bit.ly/4bWP6TF,1
0,76,0,0,0,0,0,1,1,0,0.0,5,3.4528,-0.0,0,-1,-1,0,1,0,1,0,0,0,0,1,0,-1,1,0,0,0,2,0,0,0,0,0,0,0,https://us15.campaign-archive.com/?u=65abf017465474dc73a7ad2de&id=996ddf3d68,1
0,238,3,0,1,0,0,0,1,0,0.0,22,1.9219,3.3717,0,-1,-1,0,1,0,1,0,0,0,0,0,0,-1,1,0,0,1,7,0,0,0,0,0,0,0,http://webtrans.yodao.com/server/webtrans/tranUrl?url=https://uninetplus.bancounion.com.bo/Uninetplus/Account/Login&amp;from=auto&amp;to=auto&amp;type=1&amp;product=mdictweb&amp;salt=1675223251009&amp;sign=26f012eae4b010e16e6a20149255e808,1
0,84,4,0,0,0,0,0,1,0,0.0,1,1.9183,5.1643,0,-1,-1,0,1,1,1,0,0,0,0,1,0,-1,1,0,0,0,0,0,0,0,0,0,0,0,https://docs.google.com/drawings/d/1rh3KMmevJ3rEjAK2NybSxXI6gurkCmCqPml8SLOcdhw/edit,1
0,29,2,0,0,0,0,0,0,0,0.0,1,2.2516,3.4183,0,-1,-1,0,1,1,2,0,0,0,0,1,0,-1,1,0,0,0,0,0,0,0,0,0,0,0,https://resume.io/r/Yq0O27shE,1
0,58,3,0,0,0,0,0,1,0,0.0,1,1.9183,3.9147,0,-1,-1,0,1,0,1,0,0,0,0,1,0,-1,1,0,0,0,0,0,0,0,0,0,0,0,https://sites.google.com/view/labanque-postaleauth/accueil,1
0,37,1,1,0,0,0,0,0,0,0.0,1,2.0,3.4316,0,-1,-1,0,1,0,3,0,0,0,0,1,0,-1,1,0,0,0,0,0,0,0,0,0,0,0,https://link.space/@alertnotification,1
0,32,2,0,0,0,0,0,0,0,0.0,1,2.75,2.585,0,-1,-1,0,1,1,2,0,0,0,0,1,0,-1,1,0,0,0,0,0,0,0,0,0,0,0,https://flowcode.com/page/attttd,1
0,53,2,0,0,0,0,0,1,0,0.0,1,1.9183,4.2542,0,-1,-1,0,1,0,1,0,0,0,0,1,0,-1,1,0,0,0,0,0,0,0,0,0,0,0,https://sites.google.com/view/p1qah7kgedu6zw8wn5zipp9,1
0,744,2,0,1,0,0,0,1,0,0.0,98,3.3176,2.25,0,-1,-1,0,1,0,1,0,0,0,0,1,0,-1,1,0,0,0,42,0,0,0,0,0,0,0,"https://www.adsensecustomsearchads.com/afs/ads?adtest=off&psid=3113057640&pcsa=false&channel=pid-bodis-gcontrol202,pid-bodis-gcontrol97,pid-bodis-gcontrol317,pid-bodis-gcontrol151,pid-bodis-gcontrol470&client=dp-bodis31_3ph&r=m&hl=fr&ivt=0&rpbu=http://654354653432.hyperphp.com?caf&&max_radlink_len=50&type=3&uiopt=false&swp=as-drid-2894319533101138&oe=UTF-8&ie=UTF-8&fexp=21404,17300003,17301383,17301421,17301437,17301439,17301442,71847096&client_gdprApplies=1&format=r3&nocache=7021709746583317&num=0&output=afd_ads&domain_name=654354653432.hyperphp.com&v=3&bsl=8&pac=0&u_his=2&u_tz=60&dt=1709746583318&u_w=800&u_h=600&biw=1920&bih=1080&psw=1920&psh=972&frm=0&uio=-&cont=rs&drt=0&jsid=caf&jsv=610814804&rurl=http://654354653432.hyperphp.com/",1
0,78,2,0,0,0,0,0,1,0,0.0,1,2.585,4.0306,0,-1,-1,0,1,0,4,0,0,0,0,1,0,-1,1,0,0,0,0,0,0,0,0,0,0,0,https://rembourse0055.github.io/remboursementservice-online.github.io/OnlineFr,1
0,22,1,0,0,0,0,0,0,0,0.0,1,2.0,2.8074,0,-1,-1,0,1,0,4,0,0,0,0,1,0,-1,1,0,0,0,0,0,0,0,0,0,0,0,https://qrco.de/bfDaO8,1
0,26,0,0,0,0,0,0,1,0,0.0,1,2.3219,0.0,0,-1,-1,0,1,0,2,0,0,0,0,0,0,-1,1,0,0,0,0,0,0,0,0,0,0,0,http://pimco-75x.pages.dev,1
0,62,1,0,0,0,0,0,1,0,0.5,1,1.0,3.4594,0,-1,-1,0,1,0,2,0,0,0,0,1,0,-1,1,0,0,0,0,0,0,0,0,0,0,0,https://pub-48c06d21bb5d4b9796a4256272ef7780.r2.dev/index.html,1
0,27,0,0,0,0,0,0,1,0,0.0,1,2.2516,-0.0,0,-1,-1,0,1,0,2,0,0,0,0,1,0,-1,1,0,0,0,0,0,0,0,0,0,0,0,https://candada.weebly.com/,1
0,61,1,0,0,0,0,0,1,0,0.5,1,1.0,3.1219,0,-1,-1,0,1,0,2,0,0,0,0,1,0,-1,1,0,0,0,0,0,0,0,0,0,0,0,https://pub-fc6dc735ff68445cae5ca2d946a8bfbb.r2.dev/link.html,1
0,187,5,0,0,0,0,0,1,0,0.0,12,1.9183,5.446,0,-1,-1,0,1,1,1,0,0,0,0,1,0,-1,1,0,0,0,5,0,1,0,0,0,0,0,https://docs.google.com/presentation/d/e/2PACX-1vS9Aeqs1WAiA4gavUhJD4jrBr105U4tQDKSOQHrhd8dQ5dZSTbDn48iMozymEDHtwIc4HQ_8dcg10af/pub?start=false&loop=false&delayms=3000&pli=1&slide=id.p%3E,1
0,67,2,0,0,0,0,0,1,0,0.0,1,2.4056,4.1369,0,-1,-1,0,1,0,1,0,0,0,0,1,0,-1,1,0,0,0,0,0,0,0,0,0,0,0,https://lite.evernote.com/note/951a0b9d-9a33-4f8e-671d-a99c5df52aa7,1
0,35,0,0,0,0,0,0,1,0,0.0,1,3.6169,-0.0,0,-1,-1,0,0,0,0,0,0,0,0,1,0,-1,1,0,0,1,0,0,0,0,0,0,0,0,https://help.useraccountverify.com/,1
0,175,5,0,0,0,0,0,1,0,0.0,9,1.9183,5.5756,0,-1,-1,0,1,1,1,0,0,0,0,1,0,-1,1,0,0,0,3,0,0,0,0,0,0,0,https://docs.google.com/presentation/d/e/2PACX-1vQWJwYhimSRLKTT3bzk2DdkbFHIPiAMRskt_YwlqxOjl-JDSXM0PpDvpfDFaNDxqbicXU35Z5jbw6vP/pub?start=false&amp;loop=false&amp;delayms=3000,1
0,21,1,0,0,0,0,1,0,0,0.0,1,1.585,2.5216,0,-1,-1,0,1,0,4,0,0,0,0,1,0,-1,1,0,0,0,0,0,0,0,0,0,0,0,https://q-r.to/bfFflY,1
0,33,0,0,0,0,0,0,1,0,0.0,1,2.2516,-0.0,0,-1,-1,0,1,0,2,0,0,0,0,1,0,-1,1,0,0,0,0,0,0,0,0,0,0,0,https://holjeschhkipo.weebly.com/,1
0,196,0,0,0,0,0,0,1,0,0.0,3,3.2776,-0.0,0,-1,-1,0,1,0,1,0,0,0,0,1,0,-1,1,0,0,0,1,0,0,0,0,0,0,0,https://servipichincha01.webcindario.com/?fbclid=IwY2xjawNzHotleHRuA2FlbQIxMABicmlkETFNb0FGQVZXV202MGlQQjNXAR7Wx_11bLhVi_SfQWqNdGWaYBZtZGMPotvW2tgsvVWPiXc_kpQ2nEP_2tAtJw_aem_FNjC4ob5fZh3FeuWACf48g,1
0,21,1,0,0,0,0,1,0,0,0.0,1,1.585,2.5216,0,-1,-1,0,1,0,4,0,0,0,0,1,0,-1,1,0,0,0,0,0,0,0,0,0,0,0,https://q-r.to/bgbst5,1
0,181,5,0,0,0,0,0,1,0,0.0,10,1.9183,5.4989,0,-1,-1,0,1,1,1,0,0,0,0,1,0,-1,1,0,0,0,4,0,1,0,0,0,0,0,https://docs.google.com/presentation/d/e/2PACX-1vQ_P4N7p_clHvdOY6mt4rzbkirOpjxDl9WViFnaS89wa2t2xCPWnB5Oiz2uJ3wkFsYIcDRXNubHxNP-/pub?start=false&loop=false&delayms=3000&slide=id.p%3E,1
0,36,0,0,0,0,0,0,1,0,0.0,1,2.2516,-0.0,0,-1,-1,0,1,0,2,0,0,0,0,1,0,-1,1,0,0,0,0,0,0,0,0,0,0,0,https://oninerallycuinon.weebly.com/,1
0,190,5,0,0,0,0,0,1,0,0.0,12,1.9183,5.5985,0,-1,-1,0,1,1,1,0,0,0,0,1,0,-1,1,0,0,0,4,0,0,0,0,0,0,0,https://docs.google.com/presentation/d/e/2PACX-1vRiS1g54ihctDzDUgUs7gNsXeByFrtb7WK-KGKHEL2hjqXMUVPsV9OAUmf2FbJJVQ3j2l8zp_fmXojl/pub?start=false&amp;loop=false&amp;delayms=3000&amp;slide=id.p,1
0,51,2,0,0,0,0,0,2,0,0.0,1,2.3219,4.0958,0,-1,-1,0,1,0,4,0,0,0,0,1,0,-1,1,0,0,0,0,0,0,0,0,0,0,0,https://new.express.adobe.com/webpage/j9uYNbCpncD3q,1
0,190,5,0,0,0,0,0,1,0,0.0,12,1.9183,5.507,0,-1,-1,0,1,1,1,0,0,0,0,1,0,-1,1,0,0,0,4,0,0,0,0,0,0,0,https://docs.google.com/presentation/d/e/2PACX-1vS6C_4X0klK2P3WM8o5aECGTXE4Q1cs9CzVw2Co8k5Ac9TsfhpZuTc-ynYfV3DBhD0a2gfqwVe9qkTa/pub?start=false&amp;loop=false&amp;delayms=3000&amp;slide=id.p,1
0,37,0,0,0,0,0,0,1,0,0.0,1,3.2776,-0.0,0,-1,-1,0,1,0,1,0,0,0,0,1,0,-1,1,0,0,0,0,0,0,0,0,0,0,0,https://produ-inici0.webcindario.com/,1
0,83,0,0,0,0,0,0,2,1,0.0,1,2.0,-0.0,0,-1,-1,0,1,0,2,0,0,0,0,1,0,-1,1,0,0,0,0,0,0,0,0,0,0,0,https://bafkreibqia2uc3tmwn4s3vn7oq626t6rq4zey6m7ottd2ii27xs5ocu67y.ipfs.dweb.link/,1
0,48,0,0,0,0,0,0,1,0,0.7143,1,3.2369,0.0,0,-1,-1,0,0,0,0,0,0,0,0,0,0,-1,1,0,0,0,0,0,0,0,0,0,0,0,http://allegrolokalnie.oferta362639327346393.sbs,1
0,42,0,0,0,0,0,0,1,0,0.0,1,1.585,-0.0,0,-1,-1,0,1,0,1,0,0,0,0,1,0,-1,1,0,0,0,0,0,0,0,0,0,0,0,https://helpid9855723849185962817.web.app/,1
0,46,0,0,0,0,0,0,1,0,0.0,1,2.2516,-0.0,0,-1,-1,0,1,0,2,0,0,0,0,1,0,-1,1,0,0,0,0,0,0,0,0,0,0,0,https://netinsn1etinsneti1nsnetins.weebly.com/,1
0,22,1,0,0,0,1,0,0,0,0.0,1,1.585,2.75,0,-1,-1,0,1,1,2,0,0,0,0,1,0,-1,1,0,0,0,0,0,0,0,0,0,0,0,https://bit.ly/3zIbbrG,1
0,46,1,0,1,0,0,0,0,0,0.0,3,2.0,2.8074,0,-1,-1,0,1,0,4,0,0,0,0,1,0,-1,1,0,0,0,1,0,0,0,0,0,0,0,https://qrco.de/bexicm?https://santander.co.uk,1
0,34,0,0,0,0,0,0,2,0,0.0,1,1.0,0.0,0,-1,-1,0,1,0,2,0,0,0,0,1,0,-1,1,0,0,0,0,0,0,0,0,0,0,0,https://app.resgatepremiado.sa.com,1
0,22,1,0,0,0,1,0,0,0,0.0,1,1.585,3.0,0,-1,-1,0,1,1,2,0,0,0,0,1,0,-1,1,0,0,0,0,0,0,0,0,0,0,0,https://bit.ly/4cdv3AI,1
0,26,0,0,0,0,0,0,1,0,0.0,1,1.585,-0.0,0,-1,-1,0,1,0,1,0,0,0,0,1,0,-1,1,0,0,0,0,0,0,0,0,0,0,0,https://hlosackvv.web.app/,1
0,21,1,0,0,0,0,1,0,0,0.0,1,1.585,2.8074,0,-1,-1,0,1,0,4,0,0,0,0,1,0,-1,1,0,0,0,0,0,0,0,0,0,0,0,https://q-r.to/bfEeZm,1
0,21,1,0,0,0,0,1,0,0,0.0,1,1.585,2.8074,0,-1,-1,0,1,0,4,0,0,0,0,1,0,-1,1,0,0,0,0,0,0,0,0,0,0,0,https://q-r.to/bgcOQ4,1
0,133,4,0,0,0,0,0,1,0,0.0,9,1.9183,5.207,0,-1,-1,0,1,1,1,0,0,0,0,1,0,-1,1,0,0,0,4,0,0,0,0,0,0,0,https://docs.google.com/presentation/d/1a4QM_K8UtR_TG3DFhU9EcAQTKLdktz3CNrvbhXpVZiE/pub?start=false&loop=false&delayms=3000&slide=idp,1
0,31,0,0,0,0,0,0,1,0,0.0,1,2.2516,-0.0,0,-1,-1,0,1,0,2,0,0,0,0,1,0,-1,1,0,0,0,0,0,0,0,0,0,0,0,https://maillportal.weebly.com/,1
0,175,5,0,0,0,0,0,1,0,0.0,9,1.9183,5.3026,0,-1,-1,0,1,1,1,0,0,0,0,1,0,-1,1,0,0,0,3,0,0,0,0,0,0,0,https://docs.google.com/presentation/d/e/2PACX-1vSnUaT-OBd0k0JHlo5UgHtdnJXXcPQMlRdAagwF9a58XtGUcN9g9AknM7iSc3Utwb5iaedqGQ9OSlbw/pub?start=false&amp;loop=false&amp;delayms=3000,1
0,26,0,0,0,0,0,0,1,0,0.0,1,1.585,-0.0,0,-1,-1,0,1,0,1,0,0,0,0,1,0,-1,1,0,0,0,0,0,0,0,0,0,0,0,https://pagesp247.web.app/,1
0,21,1,0,0,0,0,1,0,0,0.0,1,1.585,2.8074,0,-1,-1,0,1,0,4,0,0,0,0,1,0,-1,1,0,0,0,0,0,0,0,0,0,0,0,https://q-r.to/bfGjqv,1
0,181,5,0,0,0,0,0,1,0,0.0,10,1.9183,5.5027,0,-1,-1,0,1,1,1,0,0,0,0,1,0,-1,1,0,0,0,4,0,1,0,0,0,0,0,https://docs.google.com/presentation/d/e/2PACX-1vTtztLUd1KyJI0sYAgcIYY25K867EMATlt4N0sTrt5Rxm04C8zOSdTQapmCVH2YSGsm_gY5sB5DeewM/pub?start=false&loop=false&delayms=3000&slide=id.p%3E,1
0,84,4,0,0,0,0,0,1,0,0.0,1,1.9183,4.9836,0,-1,-1,0,1,1,1,0,0,0,0,1,0,-1,1,0,0,0,0,0,0,0,0,0,0,0,https://docs.google.com/drawings/d/1hYIAStsaqEMWRNjuaCdz9c-Og4CmU-i4MVbt-OhSc4w/edit,1
0,191,5,0,0,0,0,0,1,0,0.0,12,1.9183,5.2793,0,-1,-1,0,1,1,1,0,0,0,0,1,0,-1,1,0,0,0,4,0,0,0,0,0,0,0,https://docs.google.com/presentation/d/e/2PACX-1vTWx1u8uW24ZnpgEir51AYsnRs2bxeZvlY3AvADvMnqiwxMuWm6m0YTOmmMqs0h-6o42RCxvfYDVoMR/pub?start=false&amp;loop=false&amp;delayms=3000&amp;slide=id.p/,1
0,47,1,0,0,0,0,0,1,0,0.0,1,2.3219,3.3927,0,-1,-1,0,1,0,4,0,0,0,0,1,0,-1,1,0,0,0,0,0,0,0,0,0,0,0,https://learnpages-global.ghost.io/usen-bridge/,1
0,33,0,0,0,0,0,0,1,0,0.0,1,2.2516,-0.0,0,-1,-1,0,1,0,2,0,0,0,0,1,0,-1,1,0,0,0,0,0,0,0,0,0,0,0,https://hdshjjkhdsjji.weebly.com/,1
0,1408,1,0,1,0,0,0,2,0,0.0,49,3.0958,2.3219,0,-1,-1,0,1,0,1,0,0,0,0,1,0,-1,1,0,0,0,16,0,0,0,0,0,0,0,https://adclick.g.doubleclick.net/aclk?sa=l&amp;ai=C_tcvLGPmZLLzI-j5zLUPx5utuA-A8KyUcsWVhpLOEfWN_MIDEAEgo6aKdmDBgtoDoAG9h5DmKcgBCagDAcgDigSYBAiqBK4CT9DbBzt6PxXVD46iXaw6-iLmJM69Oj2brlt-RuYRyJTxnOGUfgIjQudrYePQPnwlR4tHLQ4XXIbXawZOHXK3WADFdIDT3wTzs36rbI23LC0zqintjo-3VKEvtoX3RPeEu1PwCOT1glPu2wz3PQprQ795o5wovygeGIvrVWOEHJ6WNvyXYWDTk9dQmtMdmUcuA9htqy_CGWf1JCrVk3_00NhrNnCRgDV4v6Si_GlX_fzEArxhu2x8YNfZke-fi-C8FyjrPnAKvcRzC0aSYzuNrlvbapmI2jpOxKX7K_fgLFb6vuaoSfkpE3btRsRLC9Wav5hCuvyhL5rbDb9zQk1UTfePwQwlmTE3gWpPKm_p96d9MOOeguhM3J_UoONoScInn8JHmhhu4FHAA_sTmJ3ABMfTqeixBIgF_4KVkUyQBgGgBi7YBgKAB9WGydYEiAcBkAcCmAcBqAfZtrECqAeOzhuoB5PYG6gH7paxAqgH_p6xAqgHpKOxAqgH1ckbqAemvhuoB5oGqAfz0RuoB5bYG6gHqpuxAqgHg62xAqgH_56xAqgH35-xAtgHAKAI3789sAgC0ggXCAAQAhhKMgEAOgef0ICAgIAESL39wTqxCZpqYs2dVt--gAoCmAsByAsBgAwBqg0CR1TIDQG4E5wb2BMKghQpGidtb2JpbGVhcHA6OjItY29tLnZpZGVvZWRpdG9ycHJvLmFuZHJvaWTQFQGYFgH4FgGAFwE&amp;ae=2&amp;gclid=Cj0KCQjw3JanBhCPARIsAJpXTx729AD31eZH1zcfVwyAzX7suzAe4IFgNA1oNvnxa0k11qr32po2lc0aAmTeEALw_wcB&amp;num=1&amp;cid=CAQSmAEAaQJSVuRpej4n8Ucmemi8a5tqwbnUFP84axQglMVcXIWklIN3EwpAiPWArHB6A1n4QCaTWoKI_WicAT7APkBYxPaQ6t8ubTa_Ul5ljF2ASMvXv7Dgd9C7ChRHJvn81t-Vs6949x_oa1DEJ_8jR35QMsmBJ6GEC1XWX7oOzh-vcoJHR21HQtVVeyZckOHAgFWCSYKY3xUZyhgB&amp;sig=AOD64_1K9EaUhhsnsiYO4rl98wteBMdmqA&amp;client=ca-app-pub-8875595947162677&amp;rf=1&amp;nb=8&amp;nx=356&amp;ny=749&amp;mb=1&amp;nb=8&amp;dct=1&amp;adurl=https://zigi.app/,1
0,23,1,0,0,0,0,0,1,0,0.0,1,1.585,2.8074,0,-1,-1,0,1,0,4,1,2,0,0,1,0,-1,1,0,0,0,0,0,0,0,0,0,0,0,https://l.ead.me/bfISn7,1
0,84,4,0,0,0,0,0,1,0,0.0,1,1.9183,5.0368,0,-1,-1,0,1,1,1,0,0,0,0,1,0,-1,1,0,0,0,0,0,0,0,0,0,0,0,https://docs.google.com/drawings/d/1iUtB3xlcBP0deX-HBdFGNmRemCk1d4Z_vMDGon-mbbI/edit,1
0,39,0,0,0,0,0,1,1,0,0.0,1,3.7623,-0.0,0,-1,-1,0,1,1,1,0,0,0,0,1,0,-1,1,0,0,0,0,0,0,0,0,0,0,0,https://www.digitaler-fitness-check.de/,1
0,423,2,0,0,0,0,0,1,0,0.0,1,2.3219,5.8649,0,-1,-1,0,1,1,1,0,0,0,0,0,0,-1,1,0,0,0,0,0,0,0,0,0,0,0,http://email.about.me/o/eJyM0EFrwyAUB_BPo5dAMCZGPXhJ2x3HDruHF_PaOhINxoT12w8LY-ltICj688-fZ2FewN08Ed3vsXcjEWfT6JrXih4AzuCmft2GL7QpEyI7IrttxVheXVzTO8xI5DkvfircWqQ7pOIRNlK_FeTCiT4R1R0jlxhyWO_zT3E2HzGMm00u-KOKaN3i0Kd-DDM4n-UtlyltmI_w0C0__7dFwnmZIOGhhtvBPopLTnmRj-UJPiP4FZ5F4QXsEB3k66xOwacYJjqaStaKU3zuVa25kvRuat6AHHVTCy00Q40I18baph3sIBRX1BnOuGAV10xxxWR5la0ApVpsVVVxlKRhMIQtlTPSaGzw3uEA35qRhv0NKJkdY6DJDHiH3YUtwkR3w38CAAD__53LpLc,1
0,21,1,0,0,0,0,1,0,0,0.0,1,1.585,2.5216,0,-1,-1,0,1,0,4,0,0,0,0,1,0,-1,1,0,0,0,0,0,0,0,0,0,0,0,https://q-r.to/bgbIFW,1
0,175,5,0,0,0,0,0,1,0,0.0,9,1.9183,5.4214,0,-1,-1,0,1,1,1,0,0,0,0,1,0,-1,1,0,0,0,3,0,0,0,0,0,0,0,https://docs.google.com/presentation/d/e/2PACX-1vRTV0ynInwcyPxofGPDpezr_fkFVWQGINEBDtYRPtzFpHGkqZeDVFqFKrbIVCjDS0RNHHLuAnnkf_Tl/pub?start=false&amp;loop=false&amp;delayms=3000,1
0,29,1,0,0,0,0,0,0,0,0.0,1,2.5216,3.1219,0,-1,-1,0,1,0,1,0,0,0,0,1,0,-1,1,0,0,0,0,0,0,0,0,0,0,0,https://rakutee.com/vpngzifq/,1
0,27,0,0,0,0,0,0,1,0,0.0,1,2.8074,-0.0,0,-1,-1,0,1,0,2,0,0,0,0,1,0,-1,1,0,0,0,0,0,0,0,0,0,0,0,https://appres.netlify.app/,1
0,33,0,0,0,0,0,0,1,0,0.0,1,3.2776,0.0,0,-1,-1,0,1,0,1,0,0,0,0,0,0,-1,1,0,0,0,0,0,0,0,0,0,0,0,http://bhdvalidar.webcindario.com,1
0,50,3,0,0,0,0,0,1,0,0.0,1,2.75,3.4817,0,-1,-1,0,1,0,1,0,0,0,0,1,0,-1,1,0,0,1,0,0,0,0,0,0,0,0,https://intranet.universe.us/fiene/Neimi/login.php,1
0,21,1,0,0,0,0,0,0,0,0.0,1,2.0,2.5216,0,-1,-1,0,1,1,3,0,0,0,0,0,0,-1,1,0,0,0,0,0,0,0,0,0,0,0,http://surl.li/waloqw,1
0,58,0,1,0,0,0,0,1,0,0.0,2,1.585,-0.0,0,-1,-1,0,1,0,1,0,0,0,0,1,0,-1,1,0,0,0,0,0,0,0,0,0,0,0,https://ovhh-19f4a.web.app/#candicemariebenbow85@gmail.com,1
0,22,1,0,0,0,0,0,0,0,0.0,1,2.0,2.8074,0,-1,-1,0,1,0,4,0,0,0,0,1,0,-1,1,0,0,0,0,0,0,0,0,0,0,0,https://qrco.de/bgaJez,1
0,37,0,0,0,0,0,0,1,0,0.0,3,2.75,-0.0,0,-1,-1,0,1,0,1,0,0,0,0,1,0,-1,1,0,0,0,1,0,0,0,0,0,0,0,https://c36c368022d.blogspot.com/?m=1,1
0,25,1,0,0,0,0,0,0,0,0.0,1,2.2516,2.75,0,-1,-1,0,1,0,3,0,0,0,0,1,0,-1,1,0,0,0,0,0,0,0,0,0,0,0,https://tapkit.me/btcomms,1
0,20,0,0,0,0,0,0,0,0,0.0,1,2.75,0.0,0,-1,-1,0,1,1,1,0,0,0,0,1,0,-1,1,0,0,0,0,0,0,0,0,0,0,0,https://facebook.com,0
0,18,0,0,0,0,0,0,0,0,0.0,1,1.9183,0.0,0,-1,-1,0,1,1,1,0,0,0,0,1,0,-1,1,0,0,0,0,0,0,0,0,0,0,0,https://google.com,0
0,146,4,0,0,0,0,0,1,0,0.0,12,1.9183,5.2966,0,-1,-1,0,1,1,1,0,0,0,0,1,0,-1,1,0,0,0,4,0,0,0,0,0,0,0,https://docs.google.com/presentation/d/1oQVxy_GOvkEieoGs-jmDSKquvNk8fB_WIkMCFHtAOLg/pub?start=false&amp;loop=false&amp;delayms=3000&amp;slide=id.p,1
0,46,0,0,0,0,0,0,1,0,0.0,1,1.585,-0.0,0,-1,-1,0,1,0,1,0,0,0,0,1,0,-1,1,0,0,0,0,0,0,0,0,0,0,0,https://ceonnexion-nord-carte-validat.web.app/,1
0,41,1,0,0,0,0,0,0,0,0.0,1,3.4677,3.2516,0,-1,-1,0,1,1,1,0,0,0,0,1,0,-1,1,0,0,0,0,0,0,0,0,0,0,0,https://kifortequimica.com.br/readme.html,1
0,236,4,0,0,0,0,0,1,0,0.0,1,3.2516,5.7543,0,-1,-1,0,1,0,4,0,0,0,0,1,0,-1,1,0,0,0,0,0,0,0,0,0,0,0,https://www.surveymonkey.com/tr/v1/te/1gqJKDjWlUxZUp3qWDxYbtqkJ6ppvpYlIXRabhq_2F9ETeA9U4JbnX5mX9HThqPVQgezb8UJwf2eTShlYAAdMB5ExSTl8AT3bY0gvXwRzUx88Iq9elSdvSYDa2_2BqnQf96UHxLRwBPUCYLsZsjCL0q75ThNjbeCVPoeQP0ElC1cPaP_2F1jCuzZLocF2kTVtuirNP,1
0,25,0,0,0,0,0,1,0,0,0.0,1,3.2389,-0.0,0,-1,-1,0,0,0,0,0,0,0,0,1,0,-1,1,0,0,0,0,0,0,0,0,0,0,0,https://evri-parcelsa.cn/,1
0,113,5,0,0,0,0,0,1,0,0.0,3,1.9183,5.2133,0,-1,-1,0,1,1,1,0,0,0,0,1,0,-1,1,0,0,0,1,0,0,0,0,0,0,0,https://docs.google.com/forms/d/e/1FAIpQLSdQmB9KmG4_gp-Fco_038-dG4YcFL72XxYZOsFGZ3Nt-jCHdQ/viewform?usp=send_form,1
0,22,1,0,0,0,1,0,0,0,0.0,1,1.585,2.75,0,-1,-1,0,1,1,2,0,0,0,0,1,0,-1,1,0,0,0,0,0,0,0,0,0,0,0,https://bit.ly/3P3dVo2,1
0,34,0,0,0,0,0,0,1,0,0.0,1,2.914,-0.0,0,-1,-1,0,1,0,1,0,0,0,0,1,0,-1,1,0,0,0,0,0,0,0,0,0,0,0,https://czcijctga.firebaseapp.com/,1
0,29,1,0,0,0,0,0,0,0,0.1667,1,1.4591,3.4594,0,-1,-1,0,1,0,1,0,0,0,0,1,0,-1,1,0,0,0,0,0,0,0,0,0,0,0,https://zzwww2.com/WS7FaC4vij,1
0,46,2,0,0,0,0,1,1,0,0.0,1,3.182,2.9736,0,-1,-1,0,0,0,0,0,0,0,0,1,0,-1,1,0,0,0,0,0,0,0,0,0,0,0,https://edf.espace-facture.info/pages/isap.php,1
0,24,0,0,0,0,0,0,1,0,0.0,1,2.0,-0.0,0,-1,-1,0,1,0,2,0,0,0,0,1,0,-1,1,0,0,0,0,0,0,0,0,0,0,0,https://btmail0.komi.io/,1
0,23,1,0,0,0,0,0,1,0,0.0,1,1.585,2.8074,0,-1,-1,0,1,0,4,1,2,0,0,1,0,-1,1,0,0,0,0,0,0,0,0,0,0,0,https://l.ead.me/bfTeGI,1
0,23,1,0,0,0,0,0,1,0,0.0,1,1.585,2.8074,0,-1,-1,0,1,0,4,1,2,0,0,1,0,-1,1,0,0,0,0,0,0,0,0,0,0,0,https://l.ead.me/bfIoZ7,1
0,20,1,0,0,0,0,1,0,0,0.0,1,1.585,2.585,0,-1,-1,0,1,0,4,0,0,0,0,1,0,-1,1,0,0,0,0,0,0,0,0,0,0,0,https://q-r.to/dges7,1
0,68,0,0,0,0,0,0,1,0,0.0,1,2.2359,-0.0,0,-1,-1,0,1,0,1,0,0,0,0,1,0,-1,1,0,0,0,0,0,0,0,0,0,0,0,https://5se76r8dt7vy8ouo96ik8j5rneyhtbwsrdmnczw4ihgfwei.teemill.com/,1
0,31,0,0,0,0,0,0,1,0,0.0,1,2.2516,-0.0,0,-1,-1,0,1,0,2,0,0,0,0,1,0,-1,1,0,0,0,0,0,0,0,0,0,0,0,https://zimbra-m-fr.weebly.com/,1
0,20,0,0,0,0,0,0,0,0,0.0,1,2.5,0.0,0,-1,-1,0,1,1,1,0,0,0,0,1,0,-1,1,0,0,0,0,0,0,0,0,0,0,0,https://linkedin.com,0
0,53,0,0,0,0,0,0,1,0,0.0,1,2.2516,-0.0,0,-1,-1,0,1,0,2,0,0,0,0,1,0,-1,1,0,0,0,0,0,0,0,0,0,0,0,https://westvalleymissioncommunitycollege.weebly.com/,1
0,23,1,0,0,0,0,0,1,0,0.0,1,1.585,2.8074,0,-1,-1,0,1,0,4,1,2,0,0,1,0,-1,1,0,0,0,0,0,0,0,0,0,0,0,https://l.ead.me/bgcYo5,1
0,21,1,0,0,0,0,1,0,0,0.0,1,1.585,2.8074,0,-1,-1,0,1,0,4,0,0,0,0,1,0,-1,1,0,0,0,0,0,0,0,0,0,0,0,https://q-r.to/bfFiJA,1
0,124,4,0,0,0,0,0,1,0,0.0,2,1.9183,5.1285,0,-1,-1,0,1,1,1,0,0,0,0,1,0,-1,1,0,0,0,1,0,0,0,0,0,0,0,https://docs.google.com/drawings/d/1YvEArfAMvOKnbUq7GdY_jwlZ1lo7zcIOk_XsYGU2xm0/preview?23fa09c3-791e-4a6c-a3f4-9c698ce9b41e,1
0,34,0,0,0,0,0,0,1,0,0.0,1,3.6169,-0.0,0,-1,-1,0,0,0,0,0,0,0,0,1,0,-1,1,0,0,0,0,0,0,0,0,0,0,0,https://www.moleculardynamics.cfd/,1
0,22,1,0,0,0,0,0,0,0,0.0,1,2.0,2.5216,0,-1,-1,0,1,0,4,0,0,0,0,1,0,-1,1,0,0,0,0,0,0,0,0,0,0,0,https://qrco.de/bgaB6b,1
0,83,2,0,0,0,0,0,1,0,1.0,1,2.5,4.2764,0,-1,-1,0,0,0,0,0,0,0,0,0,0,-1,1,0,0,0,0,0,0,0,0,0,0,0,http://allegrolokalnie.94827712.sbs/oferta/konsola-do-gier-sony-ps5-pro-2tb-6xd1ho9,1
0,19,0,0,0,0,0,0,0,0,0.0,1,2.8074,0.0,0,-1,-1,0,1,1,3,0,0,0,0,1,0,-1,1,0,0,0,0,0,0,0,0,0,0,0,https://netflix.com,0
0,40,2,0,0,0,0,1,0,0,0.25,1,3.1887,3.0306,0,-1,-1,0,0,0,0,0,0,0,0,1,0,-1,1,0,0,0,0,0,0,0,0,0,0,0,https://sgpass-fr029.com/pages/asset.php,1
0,22,1,0,0,0,0,0,0,0,0.0,1,2.0,2.8074,0,-1,-1,0,1,0,4,0,0,0,0,1,0,-1,1,0,0,0,0,0,0,0,0,0,0,0,https://qrco.de/bfN6JU,1
0,118,4,0,0,0,0,0,1,0,0.0,5,2.5216,4.8534,0,-1,-1,0,1,0,1,0,0,0,0,1,0,-1,1,0,0,0,2,0,0,0,0,0,0,0,https://www.dropbox.com/scl/fi/vhvhlsa6tycj6i21cfm2z/VOICE-MESSAGE-RECEIVED.paper?rlkey=nvoiw4mc6i5xy0mez1jpmdzpi&dl=0,1
0,178,5,0,0,0,0,0,1,0,0.0,9,1.9183,5.3765,0,-1,-1,0,1,1,1,0,0,0,0,1,0,-1,1,0,0,0,3,0,0,0,0,0,0,0,https://docs.google.com/presentation/d/e/2PACX-1vSRPzbO3rM8p830rWb1Tr3sBUJoebAt3CW4WbLZ9bAj0i1JgHLPpwI4OTBxSGBlBkcArWY4TgZWIuHu/pub?start=false&loop=false&delayms=3000#slide=id.p,1
0,33,0,0,0,0,0,0,1,0,0.0,1,2.9056,-0.0,0,-1,-1,0,0,0,0,0,0,0,0,1,0,-1,1,0,0,0,0,0,0,0,0,0,0,0,https://www.pentosephosphate.cfd/,1
0,39,0,0,0,0,0,0,1,0,0.0,1,2.5216,0.0,0,-1,-1,0,1,0,1,0,0,0,0,1,0,-1,1,0,0,1,0,0,0,0,0,0,0,0,https://metamasklloginn.onepage.website,1
0,29,0,0,0,0,0,0,1,0,0.0,1,1.585,-0.0,0,-1,-1,0,1,0,1,0,0,0,0,1,0,-1,1,0,0,0,0,0,0,0,0,0,0,0,https://atisorkanpol.web.app/,1
0,36,1,0,0,0,0,0,1,0,0.0,1,2.75,2.7255,0,-1,-1,0,1,0,1,0,0,0,0,0,0,-1,1,0,0,0,0,0,0,0,0,0,0,0,http://1168d5a.dcomhost.com/goto.php,1
0,44,1,0,0,0,0,0,1,0,0.0,1,2.3219,2.9219,0,-1,-1,0,1,0,4,0,0,0,0,1,0,-1,1,0,0,0,0,0,0,0,0,0,0,0,https://homepage-guidance.ghost.io/app-enus/,1
0,67,2,0,0,0,0,0,0,0,0.0,1,2.0,5.1714,0,-1,-1,0,1,1,1,0,0,0,0,1,0,-1,1,0,0,0,0,0,0,0,0,0,0,0,https://ipfs.io/ipfs/QmYEa958ykJg57CPAbc9iRX86Fp8TLSm5wMFDzUuWUPnoQ,1
0,23,1,0,0,0,0,0,1,0,0.0,1,1.585,2.8074,0,-1,-1,0,1,0,4,1,2,0,0,1,0,-1,1,0,0,0,0,0,0,0,0,0,0,0,https://l.ead.me/bfNp01,1
0,58,3,0,0,0,0,0,1,0,0.0,1,1.9183,3.5203,0,-1,-1,0,1,0,1,0,0,0,0,1,0,-1,1,0,0,0,0,0,0,0,0,0,0,0,https://sites.google.com/view/tuyfyfyfyfyfyfobobob/accueil,1
0,23,1,0,0,0,0,0,1,0,0.0,1,1.585,2.8074,0,-1,-1,0,1,0,4,1,2,0,0,1,0,-1,1,0,0,0,0,0,0,0,0,0,0,0,https://l.ead.me/bgc3md,1
0,28,0,0,0,0,0,0,1,0,0.0,1,2.2516,-0.0,0,-1,-1,0,1,0,2,0,0,0,0,1,0,-1,1,0,0,0,0,0,0,0,0,0,0,0,https://prop-fix.weebly.com/,1
0,175,5,0,0,0,0,0,1,0,0.0,9,1.9183,5.5511,0,-1,-1,0,1,1,1,0,0,0,0,1,0,-1,1,0,0,0,3,0,0,0,0,0,0,0,https://docs.google.com/presentation/d/e/2PACX-1vR4psa1OXoTOWbhAHOKaq37Sp2Pm1k0jD4_pyivlb4gqcAdwQ6mCuHbsTDu9kEdSNvjKl4M1_5_6FzF/pub?start=false&amp;loop=false&amp;delayms=3000,1
0,175,5,0,0,0,0,0,1,0,0.0,9,1.9183,5.4237,0,-1,-1,0,1,1,1,0,0,0,0,1,0,-1,1,0,0,0,3,0,0,0,0,0,0,0,https://docs.google.com/presentation/d/e/2PACX-1vQv3e1-B197n02FJQFeIDcQXNFXT6q9igjHl_1mQmtlX2rbshOaPSKeD-BAlyewzQmx1gRg9nWAAtTR/pub?start=false&amp;loop=false&amp;delayms=3000,1
0,59,1,0,0,0,0,0,1,0,0.0,1,2.5216,4.2817,0,-1,-1,0,1,0,2,0,0,0,0,1,0,-1,1,0,0,0,0,0,0,0,0,0,0,0,https://share-na2.hsforms.com/14lAERbCxSwSjbflCczgcsg40cy6x,1
0,190,5,0,0,0,0,0,1,0,0.0,12,1.9183,5.5335,0,-1,-1,0,1,1,1,0,0,0,0,1,0,-1,1,0,0,0,4,0,0,0,0,0,0,0,https://docs.google.com/presentation/d/e/2PACX-1vRj2T98OYsYdBh1vQOAKX4dNng97ekJxt8dcIu40JLljiNl9VmkA9_IZZEB1YEZoQqPSQRMQvPli87r/pub?start=false&amp;loop=false&amp;delayms=3000&amp;slide=id.p,1
0,51,1,0,0,0,0,0,1,0,0.0,1,2.9477,3.1219,0,-1,-1,0,1,0,1,0,0,0,0,1,0,-1,1,0,0,0,0,0,0,0,0,0,0,0,https://miguelgonzalezreal6.wixstudio.com/my-site-2,1
0,62,1,0,0,0,0,0,1,0,0.5,1,1.0,3.0272,0,-1,-1,0,1,0,2,0,0,0,0,1,0,-1,1,0,0,0,0,0,0,0,0,0,0,0,https://pub-0fd4f5fd1599461eb3f3a83531e9fab9.r2.dev/dollz.html,1
0,30,1,0,0,0,0,0,0,0,0.0,1,1.9183,2.7516,0,-1,-1,0,1,0,4,1,2,0,0,1,0,-1,1,0,0,0,0,0,0,0,0,0,0,0,https://linkin.bio/5648798756/,1
0,51,2,0,0,0,0,0,1,0,0.0,1,2.7255,2.7219,0,-1,-1,0,1,0,1,0,0,0,0,1,0,-1,1,0,0,0,0,0,0,0,0,0,0,0,https://gill-jones-s-school.teachable.com/p/dropbox,1
0,47,2,0,0,0,0,0,1,0,0.0,1,1.5,4.2084,0,-1,-1,0,1,0,1,0,0,0,0,1,0,-1,1,0,0,0,0,0,0,0,0,0,0,0,https://docs.zoom.us/doc/3B_SToAWSJ6HTaQnVNdMoQ,1
0,50,3,0,0,0,0,0,1,0,0.0,1,1.9183,3.8731,0,-1,-1,0,1,0,1,0,0,0,0,1,0,-1,1,0,0,0,0,0,0,0,0,0,0,0,https://sites.google.com/view/gmxkontoaddrese/home,1
0,21,0,0,0,0,0,0,1,0,0.25,1,2.0,-0.0,0,-1,-1,0,1,0,1,0,0,0,0,1,0,-1,1,0,0,0,0,0,0,0,0,0,0,0,https://v9.das2.shop/,1
0,92,2,0,0,0,0,0,1,0,0.0,3,1.9183,4.2646,0,-1,-1,0,1,0,1,0,0,0,0,1,0,-1,1,0,0,0,1,0,0,0,0,0,0,0,https://lookerstudio.google.com/reporting/97976af6-e4be-45b2-a3e2-ed72157b1436?s=qMJOI1EmkMU,1
0,17,0,0,0,0,0,0,0,0,0.0,1,1.9219,0.0,0,-1,-1,0,1,1,1,0,0,0,0,1,0,-1,1,0,0,0,0,0,0,0,0,0,0,0,https://apple.com,0
0,59,0,0,0,0,0,0,1,0,0.0,6,2.3219,-0.0,0,-1,-1,0,1,0,2,0,0,0,0,1,0,-1,1,0,0,0,2,0,0,0,0,0,0,0,https://web-protect.pages.dev/?iduser=TkRnMU1nPT0=&I6=02u3M,1
0,53,2,0,0,0,0,1,0,0,0.0,3,3.2776,3.0221,0,-1,-1,0,1,0,1,0,0,0,0,1,0,-1,1,0,0,1,0,0,1,0,0,0,0,0,https://resona-wuje.com/web/client/#/%2FloginUsername,1
0,200,5,0,0,0,0,0,1,0,0.0,15,1.9183,5.3756,0,-1,-1,0,1,1,1,0,0,0,0,1,0,-1,1,0,0,0,5,0,0,0,0,0,0,0,https://docs.google.com/presentation/d/e/2PACX-1vRHmtGEoanti0icYAn5DaLuWi_ZoXRNX46g2MQBZijkcGrJDeJMd8TRou0ixXq67entTvMiPGjTHLki/pub?start=false&amp;loop=false&amp;delayms=3000&amp;pli=1&amp;slide=id.p,1
0,83,0,0,0,0,0,0,2,1,0.0,1,2.0,-0.0,0,-1,-1,0,1,0,2,0,0,0,0,1,0,-1,1,0,0,0,0,0,0,0,0,0,0,0,https://bafybeiawvbxwvvxt5ua3jkio2njx2m4jgkfihoiorfx4detu2pjlqj3o7a.ipfs.dweb.link/,1
0,21,1,0,0,0,0,1,0,0,0.0,1,1.585,2.8074,0,-1,-1,0,1,0,4,0,0,0,0,1,0,-1,1,0,0,0,0,0,0,0,0,0,0,0,https://q-r.to/bgcFe1,1
0,175,5,0,0,0,0,0,1,0,0.0,9,1.9183,5.4226,0,-1,-1,0,1,1,1,0,0,0,0,1,0,-1,1,0,0,0,3,0,0,0,0,0,0,0,https://docs.google.com/presentation/d/e/2PACX-1vRQXsg6Uxu-d574w2WAo3IJiSJY6dNuCe-RBrdYnaxrvp8bYW9a7h6CM65e5zpb40_SN6ucAD0W7NcE/pub?start=false&amp;loop=false&amp;delayms=3000,1
0,20,1,0,0,0,0,0,0,0,0.0,1,0.9183,2.585,0,-1,-1,0,1,1,4,0,0,0,0,1,0,-1,1,0,0,0,0,0,0,0,0,0,0,0,https://did.li/cs2CN,1
0,72,2,0,0,0,0,0,1,0,0.0,1,2.9312,4.0875,0,-1,-1,0,1,1,1,0,0,0,0,1,0,-1,1,0,0,0,0,0,0,0,0,0,0,0,https://www.officekonnect.in/Strategiccriminaldefence/anoshabicopen.html,1
0,23,1,0,0,0,0,0,1,0,0.0,1,1.585,2.8074,0,-1,-1,0,1,0,4,1,2,0,0,1,0,-1,1,0,0,0,0,0,0,0,0,0,0,0,https://l.ead.me/bfPK0A,1
0,19,0,0,0,0,0,0,0,0,0.0,1,2.1281,0.0,0,-1,-1,0,1,1,1,0,0,0,0,1,0,-1,1,0,0,0,0,0,0,0,0,0,0,0,https://twitter.com,0
0,178,5,0,0,0,0,0,1,0,0.0,9,1.9183,5.5605,0,-1,-1,0,1,1,1,0,0,0,0,1,0,-1,1,0,0,0,4,0,0,0,0,0,0,0,https://docs.google.com/presentation/d/e/2PACX-1vR-gQWOqje4oTYBJkdfZkV4n0338-xvbpDwU0N4NEg9u_SZJHAPB-n4QVxplZULjVT32Pc_m9Jnomow/pub?start=false&loop=false&delayms=3000&slide=id.p,1
0,175,5,0,0,0,0,0,1,0,0.0,9,1.9183,5.531,0,-1,-1,0,1,1,1,0,0,0,0,1,0,-1,1,0,0,0,3,0,0,0,0,0,0,0,https://docs.google.com/presentation/d/e/2PACX-1vS9DTrjM1vv1SDCBWcwu3_JyxXrqFYHwXzKIJ9lymLaze3Gzw3lobJtRpGGFGQMssm0RhSRgl9mrJff/pub?start=false&amp;loop=false&amp;delayms=3000,1
0,24,0,0,0,0,0,0,1,0,0.0,1,2.1972,0.0,0,-1,-1,0,1,1,1,0,0,0,0,0,0,-1,1,0,0,0,0,0,0,0,0,0,0,0,http://www.magasarms.com,1
0,83,0,0,0,0,0,0,2,1,0.0,1,2.0,-0.0,0,-1,-1,0,1,0,2,0,0,0,0,1,0,-1,1,0,0,0,0,0,0,0,0,0,0,0,https://bafkreidgj4xynqzqjqux6ijujy35wusflibw36ndpwo3qbcng75a3v63xm.ipfs.dweb.link/,1
0,51,2,0,0,0,0,0,2,0,0.0,1,2.3219,3.9706,0,-1,-1,0,1,0,4,0,0,0,0,1,0,-1,1,0,0,0,0,0,0,0,0,0,0,0,https://new.express.adobe.com/webpage/Uz72c0P8lwa9e,1
0,27,0,0,0,0,0,1,1,0,0.0,1,2.9219,-0.0,0,-1,-1,0,0,0,0,0,0,0,0,1,0,-1,1,0,0,0,0,0,0,0,0,0,0,0,https://www.t-junction.cfd/,1
0,21,1,0,0,0,0,1,0,0,0.0,1,1.585,2.8074,0,-1,-1,0,1,0,4,0,0,0,0,1,0,-1,1,0,0,0,0,0,0,0,0,0,0,0,https://q-r.to/bgaluw,1
0,45,0,0,0,0,0,0,1,0,0.125,1,2.75,-0.0,0,-1,-1,0,1,0,4,0,0,0,0,1,0,-1,1,0,0,0,0,0,0,0,0,0,0,0,https://m40842errorcode9022ssdw.w3spaces.com/,1
0,41,3,0,0,0,0,0,0,0,0.5,1,2.585,4.056,0,-1,-1,0,0,0,0,0,0,0,0,1,0,-1,1,0,0,0,0,0,0,0,0,0,0,0,https://m6a3p5.cfd/ijffygu9/JAcdx4/Z4tPJ1,1
0,52,3,0,0,0,0,0,1,0,0.0,1,1.9183,3.5976,0,-1,-1,0,1,0,1,0,0,0,0,1,0,-1,1,0,0,0,0,0,0,0,0,0,0,0,https://sites.google.com/view/recevoir1lebon/accueil,1
0,68,1,0,0,0,0,0,1,0,0.5,1,1.0,3.9698,0,-1,-1,0,1,0,2,0,0,0,0,1,0,-1,1,0,0,0,0,0,0,0,0,0,0,0,https://pub-315962b52fc54f65aca59e9e46e040cd.r2.dev/Directnov30.html,1
0,22,1,0,0,0,1,0,0,0,0.0,1,1.585,3.0,0,-1,-1,0,1,1,2,0,0,0,0,1,0,-1,1,0,0,0,0,0,0,0,0,0,0,0,https://bit.ly/4di08nT,1
0,62,1,0,0,0,0,0,1,0,0.5,1,1.0,3.4594,0,-1,-1,0,1,0,2,0,0,0,0,1,0,-1,1,0,0,0,0,0,0,0,0,0,0,0,https://pub-0578d2c4a7ad450998a26a8955349d53.r2.dev/index.html,1
0,22,1,0,0,0,1,0,0,0,0.0,1,1.585,3.0,0,-1,-1,0,1,1,2,0,0,0,0,1,0,-1,1,0,0,0,0,0,0,0,0,0,0,0,https://bit.ly/4foz3A1,1
0,37,1,0,0,0,0,0,1,0,0.0,1,2.9477,2.3219,0,-1,-1,0,1,0,1,0,0,0,0,1,0,-1,1,0,0,0,0,0,0,0,0,0,0,0,https://bridge-get.wixstudio.com/usen,1
0,21,0,0,0,0,0,0,0,0,0.0,1,2.9477,0.0,0,-1,-1,0,1,1,2,0,0,0,0,1,0,-1,1,0,0,1,0,0,0,0,0,0,0,0,https://microsoft.com,0
0,33,0,0,0,0,0,0,1,0,0.0,1,3.2776,0.0,0,-1,-1,0,1,0,1,0,0,0,0,1,0,-1,1,0,0,0,0,0,0,0,0,0,0,0,https://probncoec.webcindario.com,1
0,83,0,0,0,0,0,0,2,1,0.0,1,2.0,-0.0,0,-1,-1,0,1,0,2,0,0,0,0,1,0,-1,1,0,0,0,0,0,0,0,0,0,0,0,https://bafkreiczbv62u23k4kfzrlxzwszoiveowouw6t7lc4xleccswt5gctif2y.ipfs.dweb.link/,1
0,22,1,0,0,0,0,0,0,0,0.0,1,2.0,2.8074,0,-1,-1,0,1,0,4,0,0,0,0,1,0,-1,1,0,0,0,0,0,0,0,0,0,0,0,https://qrco.de/bfNy1A,1
0,43,3,0,0,0,0,0,0,0,0.375,1,2.75,3.9362,0,-1,-1,0,0,0,0,0,0,0,0,1,0,-1,1,0,0,0,0,0,0,0,0,0,0,0,https://4twfgw65.lat/s18l1ddm/U1Fpwm/5vCzXu,1
0,83,0,0,0,0,0,0,2,1,0.0,1,2.0,-0.0,0,-1,-1,0,1,0,2,0,0,0,0,1,0,-1,1,0,0,0,0,0,0,0,0,0,0,0,https://bafybeidumje7chffoznwpxhlkvbxzigm24d6g4ojc56i2w45uyh2fx63i4.ipfs.dweb.link/,1
0,27,0,0,0,0,0,0,1,0,0.0,1,2.2359,-0.0,0,-1,-1,0,1,0,1,0,0,0,0,1,0,-1,1,0,0,0,0,0,0,0,0,0,0,0,https://m85wyt.webwave.dev/,1
0,22,1,0,0,0,0,0,0,0,0.0,1,2.0,2.8074,0,-1,-1,0,1,0,4,0,0,0,0,1,0,-1,1,0,0,0,0,0,0,0,0,0,0,0,https://qrco.de/bfIqWN,1
0,49,0,0,0,0,0,0,1,0,0.0,1,2.914,-0.0,0,-1,-1,0,1,0,1,0,0,0,0,1,0,-1,1,0,0,0,0,0,0,0,0,0,0,0,https://abuseid34096348945656878.firebaseapp.com/,1
0,38,2,0,0,0,0,0,1,0,0.0,1,3.0,3.7736,0,-1,-1,0,1,0,1,0,0,0,0,1,0,-1,1,0,0,0,0,0,0,0,0,0,0,0,https://rp.mockplus.com/rps/wRly7e8ajh,1
0,55,1,0,1,0,0,0,1,0,0.0,4,1.0,1.0,0,-1,-1,0,1,0,1,0,0,0,0,1,0,-1,1,0,0,0,1,0,0,0,0,0,0,0,https://l.wl.co/l?u=https://dik.si/vp8r2erhae54haqerfgh,1
0,29,0,0,0,0,0,0,1,0,0.0,1,2.2516,-0.0,0,-1,-1,0,1,0,2,0,0,0,0,1,0,-1,1,0,0,0,0,0,0,0,0,0,0,0,https://xcidfolfd.weebly.com/,1
0,175,5,0,0,0,0,0,1,0,0.0,9,1.9183,5.4481,0,-1,-1,0,1,1,1,0,0,0,0,1,0,-1,1,0,0,0,3,0,0,0,0,0,0,0,https://docs.google.com/presentation/d/e/2PACX-1vSRkK2daKhIRgIU60pTLgovCvXxSsc1y5TTuG7Iagh08tKQkM5Dl5U7kphKpfEgDChDO-EhOF0a3Jc1/pub?start=false&amp;loop=false&amp;delayms=3000,1
0,25,0,0,0,0,0,0,1,0,0.0,1,1.585,-0.0,0,-1,-1,0,1,0,1,0,0,0,0,1,0,-1,1,0,0,0,0,0,0,0,0,0,0,0,https://rsloberi.web.app/,1
0,32,0,0,0,0,0,0,1,0,0.0,1,2.5216,0.0,0,-1,-1,0,1,0,2,0,0,0,0,1,0,-1,1,0,0,0,0,0,0,0,0,0,0,0,https://sui-slush-dev.webflow.io,1
0,22,1,0,0,0,1,0,0,0,0.0,1,1.585,2.75,0,-1,-1,0,1,1,2,0,0,0,0,1,0,-1,1,0,0,0,0,0,0,0,0,0,0,0,https://bit.ly/47AAFEa,1
0,78,0,0,0,0,0,0,1,0,0.0,1,2.2516,-0.0,0,-1,-1,0,1,0,2,0,0,0,0,1,0,-1,1,0,0,0,0,0,0,0,0,0,0,0,https://wemailacmontpellierfristatic0110nalldomainlayoutoginpromos.weebly.com/,1
0,23,1,0,0,0,0,0,1,0,0.0,1,1.585,2.8074,0,-1,-1,0,1,0,4,1,2,0,0,1,0,-1,1,0,0,0,0,0,0,0,0,0,0,0,https://l.ead.me/bfdJNh,1
0,19,1,0,0,0,0,0,0,0,0.0,1,-0.0,2.8074,0,-1,-1,0,1,1,1,0,0,0,0,1,0,-1,1,0,0,0,0,0,0,0,0,0,0,0,https://u.to/O0vcIA,1
0,21,1,0,0,0,0,1,0,0,0.0,1,1.585,2.5216,0,-1,-1,0,1,0,4,0,0,0,0,1,0,-1,1,0,0,0,0,0,0,0,0,0,0,0,https://q-r.to/bgZyEE,1
0,21,1,0,0,0,0,0,1,0,0.0,1,1.585,2.3219,0,-1,-1,0,1,0,4,1,2,0,0,1,0,-1,1,0,0,0,0,0,0,0,0,0,0,0,https://l.ead.me/nftx,1
0,42,1,0,1,0,0,0,1,0,0.0,4,1.0,1.0,0,-1,-1,0,1,0,1,0,0,0,0,1,0,-1,1,0,0,0,1,0,0,0,0,0,0,0,https://l.wl.co/l?u=https://qrco.de/bfIglb,1
0,184,5,0,0,0,0,0,1,0,0.0,10,1.9183,5.6006,0,-1,-1,0,1,1,1,0,0,0,0,1,0,-1,1,0,0,0,4,0,1,0,0,0,0,0,https://docs.google.com/presentation/d/e/2PACX-1vSYCGdOrnXjQtIIZL1wGzQgOif_8yqjs0vUcw6hbEwadxnlIi5FSSWS-ZBWKaQjJoFDKrcEoy5qC7Uz/pub?start=false&loop=false&delayms=3000&slide=id.p%3Eand,1
0,22,1,0,0,0,0,0,0,0,0.0,1,2.0,2.8074,0,-1,-1,0,1,0,4,0,0,0,0,1,0,-1,1,0,0,0,0,0,0,0,0,0,0,0,https://qrco.de/bfXxns,1
0,33,0,0,0,0,0,0,1,0,0.0,1,2.2516,-0.0,0,-1,-1,0,1,0,2,0,0,0,0,1,0,-1,1,0,0,0,0,0,0,0,0,0,0,0,https://otelcowebmall.weebly.com/,1
0,21,1,0,0,0,0,0,0,0,0.0,1,1.585,2.2516,0,-1,-1,0,1,0,2,0,0,0,0,1,0,-1,1,0,0,0,0,0,0,0,0,0,0,0,https://rcl.ink/rZtHt,1
0,23,1,0,0,0,0,0,1,0,0.0,1,1.585,2.8074,0,-1,-1,0,1,0,4,1,2,0,0,1,0,-1,1,0,0,0,0,0,0,0,0,0,0,0,https://l.ead.me/bfJmX2,1
0,38,0,0,0,0,0,0,1,0,0.0,1,3.2776,-0.0,0,-1,-1,0,1,0,1,0,0,0,0,1,0,-1,1,0,0,0,0,0,0,0,0,0,0,0,https://manualdevidae.webcindario.com/,1
0,146,4,0,0,0,0,0,1,0,0.0,12,1.9183,4.773,0,-1,-1,0,1,1,1,0,0,0,0,1,0,-1,1,0,0,0,4,0,0,0,0,0,0,0,https://docs.google.com/presentation/d/1BuEYnbebAaL05rXB-B0WCj9ALB48rRergppcu04aYAc/pub?start=false&amp;loop=false&amp;delayms=3000&amp;slide=id.p,1
0,23,1,0,0,0,0,0,0,0,0.0,1,1.9219,2.5216,0,-1,-1,0,1,1,1,0,0,0,0,1,0,-1,1,0,0,0,0,0,0,0,0,0,0,0,https://reurl.cc/axxLz3,1
0,33,0,0,0,0,0,1,1,1,0.4167,1,3.4183,0.0,0,-1,-1,0,0,0,0,0,0,0,0,0,0,-1,1,0,0,0,0,0,0,0,0,0,0,0,http://allegro.pl-ssid56342.click,1
0,813,2,0,0,0,0,0,2,0,0.0,8,2.75,2.5033,0,-1,-1,0,1,0,2,0,0,0,0,1,0,-1,1,0,0,0,1,0,0,0,0,0,0,0,https://u56319590.ct.sendgrid.net/ls/click?upn=u001.Vr3rPFrgBV-2Fs-2BofWrInqAoVZ58V7RmEzPae6S4VarvSLO2aT2mSGcfiIOzpKtDmTepcyLWQFD75LW7x1yzuKKvzmU42ICfGvXeWBnd11rP2Trrhbw45VxpOa2aisLWTjAmoPoIYaniXzI8iXba-2FBMVG80oGB413JF8478FmuOe9rPZTIiCGlpBSA0jZFCnKxF-2BtEdiZUKD0Fwj-2Bmntd9Rp-2BhIi-2FCXHXVsdNKb3uS8NU-3Dx9T1_UKrxntYlaMZerSB2d2cDq5yS9sN9cpinTA4YTmDh-2B6mlPZHmhFcGk73fzpjnrj6GP8u-2Fgf9pEl6zstySuYvMB1z5b7eybYmvj8N0TaTdAXBPEHDApdAqXlMkzvNfoCyJHIIgDKZ8pS3lnh00bJIJKMRzJqa-2FLlcYW3Z4Ktkc5lNh1aGobR-2Fp35yGMLDjzeyjbT8C5cc-2FJaU4Ulruo-2BPLeZ1hrKqsF8FyiKUI90HoNUOUT-2BTuvtXovPchYjSILgfjAIWUnOZ5p-2BtJJSfe3NEytDeSNHvi0DC4SnLPSYL5czQHEzoAy0viiLkETGYYRZVLpidMofCo982lDnFcI-2FoezbaXEMxowHo45lluOJuSai5mEIsvD-2F77gZiE66Q1KdXWJFu9fIhF1ndG2OlqZRrTomSzgcv-2FJ8VOjqARa2Gs6cCORyjuzPuP8-2FqvolhKjRTu#?1187507008Farnily=YUBiLmNvbQ==,1
0,22,1,0,0,0,0,0,0,0,0.0,1,2.0,2.8074,0,-1,-1,0,1,0,4,0,0,0,0,1,0,-1,1,0,0,0,0,0,0,0,0,0,0,0,https://qrco.de/bfQBD3,1
0,115,1,0,0,0,0,0,1,0,0.0,9,2.7255,3.7202,0,-1,-1,0,1,0,1,0,0,0,0,1,0,-1,1,0,0,0,3,0,0,0,0,0,0,0,https://hrbt1e6567m8-pages-dev.translate.goog/site4.sbisec.co.jp.html?_x_tr_sch=&amp;_x_tr_sl=monex&amp;_x_tr_tl=ja,1
0,18,0,0,0,0,0,0,0,0,0.0,1,2.2516,0.0,0,-1,-1,0,1,1,4,0,0,0,0,1,0,-1,1,0,0,0,0,0,0,0,0,0,0,0,https://reddit.com,0
0,21,1,0,0,0,0,1,0,0,0.0,1,1.585,2.8074,0,-1,-1,0,1,0,4,0,0,0,0,1,0,-1,1,0,0,0,0,0,0,0,0,0,0,0,https://q-r.to/bgcVy8,1
0,20,1,0,0,0,0,0,0,0,0.0,1,2.0,1.9219,0,-1,-1,0,1,1,2,0,0,0,0,1,0,-1,1,0,0,0,0,0,0,0,0,0,0,0,https://urlz.fr/tuu2,1
0,215,5,0,0,0,0,0,1,0,0.0769,3,3.3927,4.1792,0,-1,-1,0,1,0,1,0,0,0,0,0,0,-1,1,0,0,0,1,0,0,0,0,0,0,0,http://clientes.3wpublicidade.com.br/casadorefratario/wp-content/plugins/wp-operating-programs/index.php?r=bD1odHRwczovL2ZyZWVtb3ZpZS10dndhbGxwYXBlci5jb20vP2NpZD1OekkyTmpNeCZlbT1hVzVtYjBCcmJHOXZjeTFrWlhOcFoyNHVaR1U9,1
0,39,1,0,0,0,0,0,1,0,0.0,1,2.5216,3.0778,0,-1,-1,0,1,0,1,0,0,0,0,1,0,-1,1,0,0,0,0,0,0,0,0,0,0,0,https://app.jotform.com/252051348782559,1
0,51,2,0,0,0,0,0,2,0,0.0,1,2.3219,4.2776,0,-1,-1,0,1,0,4,0,0,0,0,1,0,-1,1,0,0,0,0,0,0,0,0,0,0,0,https://new.express.adobe.com/webpage/B3VlKxRWCYykf,1
0,33,0,0,0,0,0,0,1,0,0.0,1,2.914,-0.0,0,-1,-1,0,1,0,1,0,0,0,0,1,0,-1,1,0,0,0,0,0,0,0,0,0,0,0,https://toll-5f0.firebaseapp.com/,1
0,244,2,0,0,0,0,0,1,0,0.0,1,2.75,5.7266,0,-1,-1,0,1,0,2,0,0,0,0,1,0,-1,1,0,0,0,0,0,0,0,0,0,0,0,https://71f89f8d.sibforms.com/serve/MUIFANSieh8OdEudUpDXGyxIaxuPiZ1MMzapeYkzloXx2rbe69ZqTymCQycy7HzKPIbpJO_MqWzA6qkuKkRV8HdMnJCbSk_31DJes8uh-ULqW_swFe64awdKU1CcahseFv177YwM8dy1k0IMbmpNztqKRyNmB4xjLvJPRcmJEUE_hQ7qcB8Ua_yIVyO0paImlayI8hqTydqXQH9Q,1
0,30,0,0,0,0,0,0,1,0,0.0,1,2.2516,-0.0,0,-1,-1,0,1,0,2,0,0,0,0,1,0,-1,1,0,0,0,0,0,0,0,0,0,0,0,https://weplpoctza.weebly.com/,1
0,94,2,0,1,0,0,0,1,0,0.0,7,2.4464,2.2516,0,-1,-1,0,1,0,1,0,0,0,0,1,0,-1,1,0,0,0,2,0,0,0,0,0,0,0,https://cloud.mymailwall.com/n/url?l=OKcgNtUGaaaaaa&amp;u=http://nexvir.com/api/img/index.html,1
0,23,0,0,0,0,0,0,0,0,0.0,1,3.3219,-0.0,0,-1,-1,0,0,0,0,0,0,0,0,1,0,-1,1,0,0,0,0,0,0,0,0,0,0,0,https://blumachefr.com/,1
0,21,1,0,0,0,0,1,0,0,0.0,1,1.585,2.5216,0,-1,-1,0,1,0,4,0,0,0,0,1,0,-1,1,0,0,0,0,0,0,0,0,0,0,0,https://q-r.to/bgbP2z,1
0,48,4,0,0,0,0,1,0,0,0.0,1,3.1808,3.7516,0,-1,-1,0,1,0,2,0,0,0,0,1,0,-1,1,0,0,0,0,0,0,0,0,0,0,0,https://e-eslectronic.jp/e/Ticket/plus/lpi3sdGkf,1
0,175,5,0,0,0,0,0,1,0,0.0,9,1.9183,5.4135,0,-1,-1,0,1,1,1,0,0,0,0,1,0,-1,1,0,0,0,3,0,0,0,0,0,0,0,https://docs.google.com/presentation/d/e/2PACX-1vSTlfAf-QSiwnK-LHGTA6liH36uEKV4H95J4dLDoSRLUD2I5eqWaupHW3WCCXK0zpKWeVvz8mvATRLH/pub?start=false&amp;loop=false&amp;delayms=3000,1
0,22,1,0,0,0,0,1,0,0,0.0,1,1.585,3.0,0,-1,-1,0,1,0,4,0,0,0,0,1,0,-1,1,0,0,0,0,0,0,0,0,0,0,0,https://q-r.to/Trbes24,1
0,22,1,0,0,0,0,0,0,0,0.0,1,2.0,2.8074,0,-1,-1,0,1,0,4,0,0,0,0,1,0,-1,1,0,0,0,0,0,0,0,0,0,0,0,https://qrco.de/bgaBSp,1
0,31,0,0,0,0,0,0,1,0,0.0,1,1.585,-0.0,0,-1,-1,0,1,0,1,0,0,0,0,1,0,-1,1,0,0,0,0,0,0,0,0,0,0,0,https://vystar-member1.web.app/,1
0,34,0,0,0,0,0,0,1,0,0.0,1,2.2516,-0.0,0,-1,-1,0,1,0,2,0,0,0,0,1,0,-1,1,0,0,1,0,0,0,0,0,0,0,0,https://seczimbrupdate.weebly.com/,1
0,23,1,0,0,0,0,0,1,0,0.0,1,1.585,2.5216,0,-1,-1,0,1,0,4,1,2,0,0,1,0,-1,1,0,0,0,0,0,0,0,0,0,0,0,https://l.ead.me/bgb8eZ,1
0,31,0,0,0,0,0,0,1,0,0.0,1,2.914,-0.0,0,-1,-1,0,1,0,1,0,0,0,0,1,0,-1,1,0,0,0,0,0,0,0,0,0,0,0,https://bov-mt.firebaseapp.com/,1
0,68,2,0,0,0,0,0,1,0,0.0,1,3.1887,4.4842,0,-1,-1,0,1,0,1,0,0,0,0,1,0,-1,1,0,0,1,0,0,0,0,0,0,0,0,https://www.cognitoforms.com/Xyr3qdvhdetryzwyfx/SignInToCurrentlyATT,1
0,84,4,0,0,0,0,0,1,0,0.0,1,1.9183,5.082,0,-1,-1,0,1,1,1,0,0,0,0,1,0,-1,1,0,0,0,0,0,0,0,0,0,0,0,https://docs.google.com/drawings/d/1DB9xJowMqpDNLrpX_68XQDEImvhIid0PqjtIsrHXHuk/edit,1
0,46,2,0,0,0,0,0,0,0,0.0,1,2.9477,4.1329,0,-1,-1,0,1,1,4,0,0,0,0,1,0,-1,1,0,0,0,0,0,0,0,0,0,0,0,https://interacty.me/projects/fd01a01b9139fd84,1
0,37,1,0,0,0,0,0,0,0,0.0,3,2.0,2.8074,0,-1,-1,0,1,0,4,0,0,0,0,1,0,-1,1,0,0,0,1,0,0,0,0,0,0,0,https://qrco.de/bflQPL?pageuser=inHnM,1
0,21,1,0,0,0,0,1,0,0,0.0,1,1.585,2.8074,0,-1,-1,0,1,0,4,0,0,0,0,1,0,-1,1,0,0,0,0,0,0,0,0,0,0,0,https://q-r.to/bfJYsz,1
0,25,1,0,0,0,0,1,0,1,0.0,1,2.8074,2.0,0,-1,-1,0,0,0,0,0,0,0,0,1,0,-1,1,0,0,0,0,0,0,0,0,0,0,0,https://gov-zap.click/mvc,1
0,49,0,0,0,0,0,0,1,0,0.0,1,2.8464,-0.0,0,-1,-1,0,1,0,2,0,0,0,0,1,0,-1,1,0,0,0,0,0,0,0,0,0,0,0,https://glfgfsdfvbd-102454-104494.weeblysite.com/,1
0,25,1,0,0,0,0,0,0,1,0.0,1,2.75,0.9183,0,-1,-1,0,1,1,1,0,0,0,0,1,0,-1,1,0,0,0,0,0,0,0,0,0,0,0,https://marceeis.click/h/,1
0,46,1,0,1,0,0,0,1,0,0.0,4,1.0,1.0,0,-1,-1,0,1,0,1,0,0,0,0,1,0,-1,1,0,0,0,1,0,0,0,0,0,0,0,https://l.wl.co/l?u=https://qr-codes.io/wfH46d,1
0,27,1,0,0,0,0,0,0,0,0.0,1,1.585,3.5466,0,-1,-1,0,1,0,3,0,0,0,0,1,0,-1,1,0,0,0,0,0,0,0,0,0,0,0,https://zpr.io/AFXvRYUZvsJN,1
0,94,2,0,1,0,0,0,1,0,0.0,7,2.4464,2.2516,0,-1,-1,0,1,0,1,0,0,0,0,1,0,-1,1,0,0,0,2,0,0,0,0,0,0,0,https://cloud.mymailwall.com/n/url?l=VN-E1tUGaaaaaa&amp;u=http://nexvir.com/api/img/index.html,1
0,46,0,0,0,0,0,0,2,1,0.0,1,2.0,-0.0,0,-1,-1,0,1,0,2,0,0,0,0,1,0,-1,1,0,0,1,0,0,0,0,0,0,0,0,https://accountlivesupport-net.ipns.dweb.link/,1
0,25,0,0,0,0,0,0,0,0,0.0,1,3.5466,0.0,0,-1,-1,0,1,1,1,0,0,0,0,1,0,-1,1,0,0,0,0,0,0,0,0,0,0,0,https://stackoverflow.com,0
0,61,1,0,0,0,0,0,1,0,0.5,1,1.0,3.1219,0,-1,-1,0,1,0,2,0,0,0,0,1,0,-1,1,0,0,0,0,0,0,0,0,0,0,0,https://pub-49cbe4b6fc224891814c3fa2588e13c6.r2.dev/link.html,1
0,23,1,0,0,0,0,0,0,0,0.0,1,2.0,2.75,0,-1,-1,0,1,0,1,0,0,0,0,1,0,-1,1,0,0,0,0,0,0,0,0,0,0,0,https://hper.in/m8pKX18,1
0,512,28,0,0,0,0,0,1,0,0.0,25,2.5033,4.0298,0,-1,-1,0,1,0,2,0,0,0,0,1,0,-1,1,0,0,0,8,0,1,0,0,0,0,0,https://www.namitjain.com/tools/url-lengthener/r/hyper/keeps/you/the/and/deep/you/ultimate/deep/archive/very/user/click/ultra/that/thing/plus/settings/going/archive/thing/deep/this/going/logs?data=aHR0cHMlM0ElMkYlMkZhcHAuZG9jc3BvLmNvbSUyRmRvY3VtZW50JTJGYjM0YTJkMWE4MzhkNGNkNjg5OGE3ZGE5YWE1NTJkYTc%3D&amp;utm_source=infinite&amp;utm_medium=spaghetti&amp;utm_campaign=hyper-elongation&amp;cachebust=1772787028543&amp;meta=loremipsumdolorsitamet&amp;quote1=this-is-long-meaning-of-life&amp;quote2=to-be-or-not-to-be,1
0,68,1,0,0,0,0,0,1,0,0.0,3,1.0,2.7255,0,-1,-1,0,1,0,5,0,0,0,0,1,0,-1,1,0,0,0,1,0,0,0,0,0,0,0,https://away.vk.com/away.php?rh=64b98bc2-8d09-4d62-bc63-e613cf01c78c,1
0,66,3,0,0,0,0,0,1,0,0.0,1,3.2389,3.5842,0,-1,-1,0,1,0,1,0,0,0,0,1,0,-1,1,0,0,0,0,0,0,0,0,0,0,0,https://qsoftexpensestracker.coherestudios.com/images/vmp/vmo.html,1
0,84,4,0,0,0,0,0,1,0,0.0,1,1.9183,4.9057,0,-1,-1,0,1,1,1,0,0,0,0,1,0,-1,1,0,0,0,0,0,0,0,0,0,0,0,https://docs.google.com/drawings/d/1b9hEUqEe1F7liqwcYSwpwEKFYW2bV07btrIPDtpxDFc/edit,1
0,38,1,0,0,0,0,0,0,0,0.0,1,3.0778,3.3219,0,-1,-1,0,0,0,0,0,0,0,0,1,0,-1,1,0,0,0,0,0,0,0,0,0,0,0,https://fidelitysafetyel.one/page.html,1
0,33,0,0,0,0,0,0,1,0,0.0,1,2.2516,-0.0,0,-1,-1,0,1,0,2,0,0,0,0,1,0,-1,1,0,0,0,0,0,0,0,0,0,0,0,https://gmxemailkonto.weebly.com/,1
0,28,1,0,0,0,0,0,0,0,0.0,1,2.0,3.5466,0,-1,-1,0,1,0,4,0,0,0,0,1,0,-1,1,0,0,0,0,0,0,0,0,0,0,0,https://qrco.de/d9m5wcehe6iz,1
0,71,1,1,0,0,0,0,1,0,0.5,2,1.0,3.0,0,-1,-1,0,1,0,2,0,0,0,0,1,0,-1,1,0,0,0,0,0,0,0,0,0,0,0,https://pub-609041d0f94c469f829e5faf582e4040.r2.dev/cz.html#info@mup.cz,1
0,44,2,0,0,0,0,0,2,0,0.0,1,1.9183,3.2806,0,-1,-1,0,1,0,1,0,0,0,0,1,0,-1,1,0,0,0,0,0,0,0,0,0,0,0,https://www.sites.google.com/view/preezaiuo/,1
0,37,1,0,0,0,0,0,1,0,0.0,1,2.8074,3.0,0,-1,-1,0,1,0,1,0,0,0,0,1,0,-1,1,0,0,0,0,0,0,0,0,0,0,0,https://pofira4760.editorx.io/my-site,1
0,38,2,0,0,0,0,0,1,0,0.0,1,3.0,3.3232,0,-1,-1,0,1,0,1,0,0,0,0,1,0,-1,1,0,0,0,0,0,0,0,0,0,0,0,https://rp.mockplus.com/rps/p4sshEiaqd,1
0,42,0,0,0,0,0,0,1,0,0.0,1,2.914,-0.0,0,-1,-1,0,1,0,1,0,0,0,0,1,0,-1,1,0,0,0,0,0,0,0,0,0,0,0,https://domappcheckomeg30.firebaseapp.com/,1
0,22,1,0,0,0,0,0,0,0,0.0,1,2.0,2.8074,0,-1,-1,0,1,0,4,0,0,0,0,1,0,-1,1,0,0,0,0,0,0,0,0,0,0,0,https://qrco.de/bfNCq6,1
0,178,5,0,0,0,0,0,1,0,0.0,9,1.9183,5.4806,0,-1,-1,0,1,1,1,0,0,0,0,1,0,-1,1,0,0,0,4,0,0,0,0,0,0,0,https://docs.google.com/presentation/d/e/2PACX-1vS1s_hAIpSUc6MGuxQsuCIceJOB-jJdRmVuOR6-PJzoVdpCsMe-wsZ8USHWzY447oc6aNDzf9Pc9iAh/pub?start=false&loop=false&delayms=3000&slide=id.p,1
0,38,0,0,0,0,0,0,1,0,0.0,1,3.2776,0.0,0,-1,-1,0,1,0,1,0,0,0,0,1,0,-1,1,0,0,0,0,0,0,0,0,0,0,0,https://fffalleba8cnst.webcindario.com,1
0,75,0,0,0,0,0,1,1,0,0.0,5,3.4528,-0.0,0,-1,-1,0,1,0,1,0,0,0,0,1,0,-1,1,0,0,0,2,0,0,0,0,0,0,0,https://us2.campaign-archive.com/?u=bb0d5f5dcd4d9f56b88aa4f6d&id=ae5ff1d56a,1
0,65,1,0,0,0,0,1,1,0,0.0,3,3.0958,3.1219,0,-1,-1,0,0,0,0,0,0,0,0,1,0,-1,1,0,0,0,1,0,0,0,0,0,0,0,https://caissregionsagricole.is-a-player.com/index.php?pwd=caisse,1
0,21,1,0,0,0,0,1,0,0,0.0,1,1.585,2.5216,0,-1,-1,0,1,0,4,0,0,0,0,1,0,-1,1,0,0,0,0,0,0,0,0,0,0,0,https://q-r.to/bgaSYg,1
0,60,1,0,0,0,0,0,2,0,0.0,1,2.5216,4.335,0,-1,-1,0,1,0,2,0,0,0,0,1,0,-1,1,0,0,0,0,0,0,0,0,0,0,0,https://2fos96.share-eu1.hsforms.com/2g0Ti6L5fQt63PDKiEm19vQ,1
0,84,4,0,0,0,0,0,1,0,0.0,1,1.9183,5.0492,0,-1,-1,0,1,1,1,0,0,0,0,1,0,-1,1,0,0,0,0,0,0,0,0,0,0,0,https://docs.google.com/drawings/d/1QhlPYuMoJc255h3WVX1UhGLQK1Q_DyXYtMP3JjDiUrA/edit,1
0,175,5,0,0,0,0,0,1,0,0.0,9,1.9183,5.4955,0,-1,-1,0,1,1,1,0,0,0,0,1,0,-1,1,0,0,0,3,0,0,0,0,0,0,0,https://docs.google.com/presentation/d/e/2PACX-1vSN7XBHHaqJcUsbL4m9psySG3ur_h3Q5yJ2ZK1tQI1NbqNHJeZLFNYEZgbjpi5JAtYazfFWWePPvSLY/pub?start=false&amp;loop=false&amp;delayms=3000,1
0,38,0,0,0,0,0,0,1,0,0.0,1,2.2516,-0.0,0,-1,-1,0,1,0,2,0,0,0,0,1,0,-1,1,0,0,0,0,0,0,0,0,0,0,0,https://revoke-cash-lahana.vercel.app/,1
0,60,2,0,0,0,0,0,1,0,0.0,1,2.2516,3.7962,0,-1,-1,0,1,0,2,0,0,0,0,1,0,-1,1,0,0,0,0,0,0,0,0,0,0,0,https://tiktokshoplojja.vercel.app/produto/cafe-com-deus-pai,1
0,22,1,0,0,0,1,0,0,0,0.0,1,1.585,3.0,0,-1,-1,0,1,1,2,0,0,0,0,1,0,-1,1,0,0,0,0,0,0,0,0,0,0,0,https://bit.ly/4foPvRQ,1
0,27,0,0,0,0,0,1,0,0,0.0,1,3.182,-0.0,0,-1,-1,0,0,0,0,0,0,0,0,1,0,-1,1,0,0,0,0,0,0,0,0,0,0,0,https://redirige-colis.com/,1
0,42,3,0,0,0,0,0,1,0,0.0,1,1.9183,3.7947,0,-1,-1,0,1,0,1,0,0,0,0,1,0,-1,1,0,0,0,0,0,0,0,0,0,0,0,https://sites.google.com/view/7564329/home,1
0,33,0,0,0,0,0,0,1,0,0.0,1,1.585,-0.0,0,-1,-1,0,1,0,1,0,0,0,0,1,0,-1,1,0,0,0,0,0,0,0,0,0,0,0,https://cdcinforma001020.web.app/,1
0,23,1,0,0,0,0,0,1,0,0.0,1,1.585,2.8074,0,-1,-1,0,1,0,4,1,2,0,0,1,0,-1,1,0,0,0,0,0,0,0,0,0,0,0,https://l.ead.me/bgZRmy,1
0,64,4,0,0,0,0,0,0,0,0.0,1,2.8219,4.1019,0,-1,-1,0,1,1,1,0,0,0,0,1,0,-1,1,0,0,0,0,0,0,0,0,0,0,0,https://shreenarayanenergy.com/vrify.plala/jpn/webmai1/index.php,1
0,21,1,0,0,0,0,1,0,0,0.0,1,1.585,2.8074,0,-1,-1,0,1,0,4,0,0,0,0,1,0,-1,1,0,0,0,0,0,0,0,0,0,0,0,https://q-r.to/bfMSkE,1
0,21,1,0,0,0,0,1,0,0,0.0,1,1.585,2.5216,0,-1,-1,0,1,0,4,0,0,0,0,1,0,-1,1,0,0,0,0,0,0,0,0,0,0,0,https://q-r.to/bga4gr,1
0,21,1,0,0,0,0,1,0,0,0.0,1,1.585,2.5216,0,-1,-1,0,1,0,4,0,0,0,0,1,0,-1,1,0,0,0,0,0,0,0,0,0,0,0,https://q-r.to/bfMRAM,1
0,22,1,0,0,0,0,0,0,0,0.0,1,2.0,2.8074,0,-1,-1,0,1,0,4,0,0,0,0,1,0,-1,1,0,0,0,0,0,0,0,0,0,0,0,https://qrco.de/bfFQIL,1
0,18,0,0,0,0,0,0,0,0,0.0,1,2.585,0.0,0,-1,-1,0,1,1,1,0,0,0,0,1,0,-1,1,0,0,0,0,0,0,0,0,0,0,0,https://github.com,0
0,45,0,0,0,0,0,0,1,0,0.0,1,2.8074,-0.0,0,-1,-1,0,1,0,2,0,0,0,0,1,0,-1,1,0,0,0,0,0,0,0,0,0,0,0,https://statuesque-trifle-55204c.netlify.app/,1
0,21,1,0,0,0,0,1,0,0,0.0,1,1.585,2.8074,0,-1,-1,0,1,0,4,0,0,0,0,1,0,-1,1,0,0,0,0,0,0,0,0,0,0,0,https://q-r.to/bfD85k,1
0,29,1,0,0,0,0,0,0,0,0.0,1,2.2516,3.4594,0,-1,-1,0,0,0,0,0,0,0,0,1,0,-1,1,0,0,0,0,0,0,0,0,0,0,0,https://jzyygl.com/J1PYgRcU85,1
0,98,2,0,0,0,0,1,1,1,0.1875,1,4.0389,4.1916,0,-1,-1,0,0,0,0,0,0,0,0,1,0,-1,1,0,0,0,0,0,0,0,0,0,0,0,https://allegrolokalnie.net-ogloszenie-nr-901023-premium.click/oferta/dji-osmo-5-action-pro-389914,1
0,167,5,0,0,0,0,0,1,0,0.0,7,1.9183,5.3986,0,-1,-1,0,1,1,1,0,0,0,0,1,0,-1,1,0,0,0,3,0,0,0,0,0,0,0,https://docs.google.com/presentation/d/e/2PACX-1vRM_5HsntnGiW3a8FgI-kRtnKPqUnJXilB94zPekJqToBNnWoOd8OrIFtI2pMSeo_Mo40UxHbOnSXZb/pub?start=false&loop=false&delayms=3000,1
0,39,3,0,0,0,0,0,1,0,0.0,1,2.9219,3.3347,0,-1,-1,0,1,0,4,0,0,0,0,1,0,-1,1,0,0,0,0,0,0,0,0,0,0,0,https://www.miricanvas.com/en/v/13ku8bf,1
0,54,1,0,0,0,0,0,1,0,0.0,1,2.5216,4.5821,0,-1,-1,0,1,0,2,0,0,0,0,1,0,-1,1,0,0,0,0,0,0,0,0,0,0,0,https://share.hsforms.com/2KbX85bgORVWGLYokM6WTagti418,1
0,22,1,0,0,0,1,0,0,0,0.0,1,1.585,3.0,0,-1,-1,0,1,1,2,0,0,0,0,1,0,-1,1,0,0,0,0,0,0,0,0,0,0,0,https://bit.ly/4fwXA5S,1
0,175,5,0,0,0,0,0,1,0,0.0,9,1.9183,5.3166,0,-1,-1,0,1,1,1,0,0,0,0,1,0,-1,1,0,0,0,3,0,0,0,0,0,0,0,https://docs.google.com/presentation/d/e/2PACX-1vQC9sOXqYWp97TsVYkuVqGJXhSka_ZYThF6za4_v9zrkYFWj2GulyB82YkskrkGGqLYTw6CZtsnks1u/pub?start=false&amp;loop=false&amp;delayms=3000,1
0,117,3,0,0,0,0,1,1,0,0.0,1,3.2389,4.8371,0,-1,-1,0,1,0,1,0,0,0,0,1,0,-1,1,0,0,0,0,0,0,0,0,0,0,0,https://ipfs.best-practice.se/ipfs/bafybeibgdq4pxqdc46vb2fgn3zou3j3bwpnz2roqhqdlztc63msexcefci/lndex-wetransfer.html/,1
0,22,1,0,0,0,0,0,0,0,0.0,1,2.0,2.8074,0,-1,-1,0,1,0,4,0,0,0,0,1,0,-1,1,0,0,0,0,0,0,0,0,0,0,0,https://qrco.de/bgad3C,1
0,22,1,0,0,0,1,0,0,0,0.0,1,1.585,3.0,0,-1,-1,0,1,1,2,0,0,0,0,1,0,-1,1,0,0,0,0,0,0,0,0,0,0,0,https://bit.ly/40aVMLp,1
0,25,1,0,0,0,1,0,0,0,0.0,1,1.0,3.4183,0,-1,-1,0,1,1,3,0,0,0,0,1,0,-1,1,0,0,0,0,0,0,0,0,0,0,0,https://ow.ly/JCOa50T3XY3,1
0,23,1,0,0,0,0,0,1,0,0.0,1,1.585,2.8074,0,-1,-1,0,1,0,4,1,2,0,0,1,0,-1,1,0,0,0,0,0,0,0,0,0,0,0,https://l.ead.me/bfesNZ,1
0,47,3,0,0,0,0,0,1,0,0.0,1,1.9183,3.882,0,-1,-1,0,1,0,1,0,0,0,0,1,0,-1,1,0,0,1,0,0,0,0,0,0,0,0,https://sites.google.com/view/att-login009/home,1
0,131,5,0,0,0,0,0,1,0,0.0,1,1.9183,5.5316,0,-1,-1,0,1,1,1,0,0,0,0,1,0,-1,1,0,0,0,0,0,0,0,0,0,0,0,https://docs.google.com/presentation/d/e/2PACX-1vQLcQWsEih4tLo0GbC8cwFjQan7FgqmI3zvstgT2lL49e2fA14Iu_uqGIRsryfSEU-JZC2Zuzf9Hu32/pub,1
0,37,2,0,0,0,0,0,0,0,0.0,1,3.2359,3.0221,0,-1,-1,0,1,1,1,0,0,0,0,1,0,-1,1,0,0,0,0,0,0,0,0,0,0,0,https://equiposmedicos.mx/cast/xnfty/,1
0,22,1,0,0,0,0,0,0,0,0.0,1,2.0,2.8074,0,-1,-1,0,1,0,4,0,0,0,0,1,0,-1,1,0,0,0,0,0,0,0,0,0,0,0,https://qrco.de/bfJ9th,1
0,51,2,0,0,0,0,0,2,0,0.0,1,2.3219,4.1867,0,-1,-1,0,1,0,4,0,0,0,0,1,0,-1,1,0,0,0,0,0,0,0,0,0,0,0,https://new.express.adobe.com/webpage/DT2IknMAwdh5v,1
0,175,5,0,0,0,0,0,1,0,0.0,9,1.9183,5.5544,0,-1,-1,0,1,1,1,0,0,0,0,1,0,-1,1,0,0,0,3,0,0,0,0,0,0,0,https://docs.google.com/presentation/d/e/2PACX-1vQBAOeSN34yz-J87Ni4Q4Uak7W5GnOrYicyCKqTBqrEJbfDWaXOkflMRNggdX5VEEBqXNrl46DpI95n/pub?start=false&amp;loop=false&amp;delayms=3000,1
0,50,1,0,0,0,0,0,1,0,0.0,1,2.5216,3.6538,0,-1,-1,0,1,0,1,0,0,0,0,1,0,-1,1,0,0,0,0,0,0,0,0,0,0,0,https://offupdatg.wixsite.com/professional-service,1
0,33,0,0,0,0,0,0,1,0,0.0,1,1.9219,-0.0,0,-1,-1,0,1,0,2,0,0,0,0,1,0,-1,1,0,0,0,0,0,0,0,0,0,0,0,https://azrsyd1092653.start.page/,1
0,56,1,0,1,0,0,0,1,0,0.0,4,1.0,1.0,0,-1,-1,0,1,0,1,0,0,0,0,1,0,-1,1,0,0,0,1,0,0,0,0,0,0,0,https://l.wl.co/l?u=https://qrco.de/beCsasdiviuscoascxvq,1
0,42,0,0,0,0,0,0,1,0,0.0,1,2.2516,-0.0,0,-1,-1,0,1,0,2,0,0,0,0,1,0,-1,1,0,0,1,0,0,0,0,0,0,0,0,https://xfinityyycomcastloginn.weebly.com/,1
0,61,2,0,0,0,0,0,1,0,0.0,3,2.9477,3.9706,0,-1,-1,0,1,1,1,0,0,0,0,1,0,-1,1,0,0,0,1,0,0,0,0,0,0,0,https://www.abcsubmit.com/view/id_1i9a2het0_log?utm=abcsubmit,1
0,175,5,0,0,0,0,0,1,0,0.0,9,1.9183,5.4991,0,-1,-1,0,1,1,1,0,0,0,0,1,0,-1,1,0,0,0,3,0,0,0,0,0,0,0,https://docs.google.com/presentation/d/e/2PACX-1vRjymIMs3_gnZEseVLi9zFPJl-19l4haYR_uTy-19OJ37RPf_N1rObQ9bFnjL5HpcMusnUzc15Qi2rd/pub?start=false&amp;loop=false&amp;delayms=3000,1
0,22,1,0,0,0,0,0,0,0,0.0,1,2.0,2.8074,0,-1,-1,0,1,0,4,0,0,0,0,1,0,-1,1,0,0,0,0,0,0,0,0,0,0,0,https://qrco.de/bfIlYM,1
0,41,0,0,0,0,0,0,1,0,0.0,1,2.914,-0.0,0,-1,-1,0,1,0,1,0,0,0,0,1,0,-1,1,0,0,0,0,0,0,0,0,0,0,0,https://confunivermonpt3.firebaseapp.com/,1
0,85,1,0,0,0,0,0,1,0,0.5,1,1.0,3.5395,0,-1,-1,0,1,0,2,0,0,0,0,1,0,-1,1,0,0,0,0,0,0,0,0,0,0,0,https://pub-12823fbd443740db82cdf220f279156a.r2.dev/949498939dhah9338kajk3jhh3i3.html,1
0,175,5,0,0,0,0,0,1,0,0.0,9,1.9183,5.4851,0,-1,-1,0,1,1,1,0,0,0,0,1,0,-1,1,0,0,0,3,0,0,0,0,0,0,0,https://docs.google.com/presentation/d/e/2PACX-1vT_ry37aOPGihHLyNaENI4GhGnFiPxpIH43OB6-U_lxo_fNyXjuNedrLYDZtplrUKWHWJ5-er7cJBlF/pub?start=false&amp;loop=false&amp;delayms=3000,1
0,63,1,0,0,0,0,0,1,0,0.5,1,1.0,3.585,0,-1,-1,0,1,0,2,0,0,0,0,1,0,-1,1,0,0,0,0,0,0,0,0,0,0,0,https://pub-1904fcafb89a4eaaa354dadaabc46627.r2.dev/indazx.html,1
0,46,1,0,1,0,0,0,1,0,0.0,4,1.0,1.0,0,-1,-1,0,1,0,1,0,0,0,0,1,0,-1,1,0,0,0,1,0,0,0,0,0,0,0,https://l.wl.co/l?u=https://qr-codes.io/5HLHvy,1
0,38,0,0,0,0,0,0,1,0,0.0,1,3.2776,0.0,0,-1,-1,0,1,0,1,0,0,0,0,1,0,-1,1,0,0,1,0,0,0,0,0,0,0,0,https://confirmarprodu.webcindario.com,1
0,28,1,0,0,0,1,0,0,0,0.0,1,2.8074,3.1699,0,-1,-1,0,1,1,2,0,0,0,0,1,0,-1,1,0,0,0,0,0,0,0,0,0,0,0,https://tinyurl.com/23qmlc6d,1
0,42,3,0,0,0,0,0,1,0,0.0,1,1.9183,3.7947,0,-1,-1,0,1,0,1,0,0,0,0,1,0,-1,1,0,0,0,0,0,0,0,0,0,0,0,https://sites.google.com/view/yt56734/home,1
0,43,0,0,0,0,0,0,1,0,0.0,1,2.914,-0.0,0,-1,-1,0,1,0,1,0,0,0,0,1,0,-1,1,0,0,0,0,0,0,0,0,0,0,0,https://threadandvelcrotfr.firebaseapp.com/,1
0,22,1,0,0,0,0,0,0,0,0.0,1,2.0,2.5216,0,-1,-1,0,1,0,4,0,0,0,0,1,0,-1,1,0,0,0,0,0,0,0,0,0,0,0,https://qrco.de/bfFrf7,1
0,29,1,0,0,0,0,0,0,0,0.0,1,1.9183,3.2776,0,-1,-1,0,1,0,4,1,2,0,0,1,0,-1,1,0,0,1,0,0,0,0,0,0,0,0,https://linkin.bio/alisupport,1
0,146,4,0,0,0,0,0,1,0,0.0,12,1.9183,5.1834,0,-1,-1,0,1,1,1,0,0,0,0,1,0,-1,1,0,0,0,4,0,0,0,0,0,0,0,https://docs.google.com/presentation/d/1Nt6KqTVcZuUFEUhBbI9yGf5WdimPo656DBnGLLXZyqg/pub?start=false&amp;loop=false&amp;delayms=3000&amp;slide=id.p,1
0,76,7,0,0,0,0,0,0,0,0.0,1,2.9477,4.5035,0,-1,-1,0,1,1,1,0,0,0,0,1,0,-1,1,0,0,0,0,0,0,0,0,0,0,0,https://instelmec.com/wp-includes/js/dist/vendor/nnbh/dJe73b4F2/dE2h1bs5.php,1
0,31,1,0,0,0,0,0,1,0,0.0,1,1.9219,2.5,0,-1,-1,0,0,0,0,0,0,0,0,1,0,-1,1,0,0,0,0,0,0,0,0,0,0,0,https://accoun.rwjwl.cn/accoun/,1
0,42,0,0,0,0,0,0,1,0,0.0,1,1.585,-0.0,0,-1,-1,0,1,0,1,0,0,0,0,1,0,-1,1,0,0,0,0,0,0,0,0,0,0,0,https://convenance-resolution-idm.web.app/,1
0,36,0,0,0,0,0,0,1,0,0.0,1,2.2516,-0.0,0,-1,-1,0,1,0,2,0,0,0,0,1,0,-1,1,0,0,0,0,0,0,0,0,0,0,0,https://baucarshopee1458.weebly.com/,1
0,131,4,0,0,0,0,0,1,0,0.0,9,1.9183,5.1209,0,-1,-1,0,1,1,1,0,0,0,0,1,0,-1,1,0,0,0,3,0,0,0,0,0,0,0,https://docs.google.com/presentation/d/1JWqy1Nd0dyxVrbBT--RIR_-fRXzHy2KZcdYunkXyv8k/pub?start=false&amp;loop=false&amp;delayms=3000,1
0,41,0,0,0,0,0,0,1,0,0.0,2,2.914,-0.0,0,-1,-1,0,1,0,1,0,0,0,0,1,0,-1,1,0,0,0,0,0,0,0,0,0,0,0,https://accesssrewards.firebaseapp.com/#/,1
0,387,1,0,0,0,0,1,1,0,0.0,30,3.5369,2.9477,0,-1,-1,0,1,0,1,0,0,0,0,1,0,-1,1,0,0,0,1,0,1,0,0,0,0,0,https://en.schlosshotel-zdikov.de/bild.php?bild=bilder%2Fhome%2Fhome3-g.jpg%22%2F%3E%3Cimg%20src%3Dhttps%3A%5C%2B%2Fgoogle.com%2F569a4089-ff17-4b46-b6c4-6df6bb8d3ecb.jpg%20onerror%3D%22eval(decodeURIComponent(atob(%27d2luZG93LnRvcC5sb2NhdGlvbj1kZWNvZGVVUklDb21wb25lbnQoYXRvYignYUhSMGNITTZMeTl6TFhCMWMyZ3VaR2xsTFhOd1lYSnJZWE56WlM1cGJtWnZMdz09JykucmVwbGFjZSgvXCsvZywnICcpKTs%3D%27)))%22%3E,1
0,21,1,0,0,0,0,1,0,0,0.0,1,1.585,2.8074,0,-1,-1,0,1,0,4,0,0,0,0,1,0,-1,1,0,0,0,0,0,0,0,0,0,0,0,https://q-r.to/bfLJav,1
0,175,5,0,0,0,0,0,1,0,0.0,9,1.9183,5.5,0,-1,-1,0,1,1,1,0,0,0,0,1,0,-1,1,0,0,0,3,0,0,0,0,0,0,0,https://docs.google.com/presentation/d/e/2PACX-1vQHV0Za_vJqVRtbONxkDnVWAMcFMZvELLNkN8uHVO8zbsq8nGlEsDF-1tW_h0U3E2uV_5kEO63cKrRc/pub?start=false&amp;loop=false&amp;delayms=3000,1
0,84,4,0,0,0,0,0,1,0,0.0,1,1.9183,5.1599,0,-1,-1,0,1,1,1,0,0,0,0,1,0,-1,1,0,0,0,0,0,0,0,0,0,0,0,https://docs.google.com/drawings/d/10b0rOuKx6f2Ie2kVQVLUb6cjf4P2AUqTD3-bYSPx_t0/edit,1
0,104,2,0,0,0,0,0,1,0,0.0,1,3.0391,4.2551,0,-1,-1,0,0,0,0,0,0,0,0,1,0,-1,1,0,0,0,0,0,0,0,0,0,0,0,https://allegrolokalnie.rtbfdksvkekrbe.sbs/oferta/rower-elektryczny-kross-trans-hybrid-10-idealny-cce5bf,1
0,44,1,0,0,0,0,0,1,0,0.0,1,2.5216,2.2516,0,-1,-1,0,1,0,1,0,0,0,0,1,0,-1,1,0,0,0,0,0,0,0,0,0,0,0,https://serviceproautomati.wixsite.com/o-log,1
0,51,2,0,0,0,0,0,2,0,0.0,1,2.3219,4.0049,0,-1,-1,0,1,0,4,0,0,0,0,1,0,-1,1,0,0,0,0,0,0,0,0,0,0,0,https://new.express.adobe.com/webpage/wQ65cuOm4psb9,1
0,40,1,0,0,0,0,0,1,0,0.0,1,2.5216,3.0306,0,-1,-1,0,1,0,1,0,0,0,0,1,0,-1,1,0,0,0,0,0,0,0,0,0,0,0,https://form.jotform.com/253074443398059,1
0,22,1,0,0,0,0,0,0,0,0.0,1,2.0,2.5216,0,-1,-1,0,1,0,4,0,0,0,0,1,0,-1,1,0,0,0,0,0,0,0,0,0,0,0,https://qrco.de/bfJboa,1
0,20,1,0,0,0,0,0,0,0,0.0,1,1.0,2.585,0,-1,-1,0,1,0,1,0,0,0,0,1,0,-1,1,0,0,0,0,0,0,0,0,0,0,0,https://ja.cat/iP80W,1
0,22,1,0,0,0,0,0,0,0,0.0,1,2.0,2.2359,0,-1,-1,0,1,0,4,0,0,0,0,1,0,-1,1,0,0,0,0,0,0,0,0,0,0,0,https://qrco.de/bfTfTo,1
0,39,1,0,0,0,0,0,1,0,0.0,1,2.9477,2.585,0,-1,-1,0,1,0,1,0,0,0,0,1,0,-1,1,0,0,0,0,0,0,0,0,0,0,0,https://eng-desktop.wixstudio.com/us-en,1
0,42,1,0,1,0,0,0,1,0,0.0,4,1.0,1.0,0,-1,-1,0,1,0,1,0,0,0,0,1,0,-1,1,0,0,0,1,0,0,0,0,0,0,0,https://l.wl.co/l?u=https://qrco.de/bfPHGA,1
0,59,1,0,0,0,0,0,1,0,0.0,1,2.5216,4.4402,0,-1,-1,0,1,0,1,0,0,0,0,1,0,-1,1,0,0,0,0,0,0,0,0,0,0,0,https://share-eu1.hsforms.com/2XDJgCggNQOOa8ZP_WAx0uw2exqgh,1
0,94,2,0,0,0,0,1,1,0,0.0,1,3.2389,4.4837,0,-1,-1,0,1,0,1,0,0,0,0,1,0,-1,1,0,0,0,0,0,0,0,0,0,0,0,https://ipfs.best-practice.se/ipfs/bafybeiatinc6mhotzs3azd3zt5irdzhv6pshnygkrneqirczfrpcyf3dcq,1
0,42,1,0,1,0,0,0,1,0,0.0,4,1.0,1.0,0,-1,-1,0,1,0,1,0,0,0,0,1,0,-1,1,0,0,0,1,0,0,0,0,0,0,0,https://l.wl.co/l?u=https://qrco.de/bfMPR4,1
0,21,1,0,0,0,0,1,0,0,0.0,1,1.585,2.8074,0,-1,-1,0,1,0,4,0,0,0,0,1,0,-1,1,0,0,0,0,0,0,0,0,0,0,0,https://q-r.to/bfd8KV,1
0,35,0,0,0,0,0,1,0,0,0.0,1,3.6212,0.0,0,-1,-1,0,1,1,1,0,0,0,0,1,0,-1,1,0,0,0,0,0,0,0,0,0,0,0,https://national-filing-service.com,1
0,41,0,0,0,0,0,0,1,0,0.0,1,2.2516,-0.0,0,-1,-1,0,1,0,2,0,0,0,0,1,0,-1,1,0,0,0,0,0,0,0,0,0,0,0,https://abundant-light-785000.framer.app/,1
0,21,0,0,0,0,0,0,0,0,0.0,1,2.6416,0.0,0,-1,-1,0,1,1,1,0,0,0,0,1,0,-1,1,0,0,0,0,0,0,0,0,0,0,0,https://wikipedia.org,0
0,62,1,0,0,0,0,0,1,0,0.5,1,1.0,3.4594,0,-1,-1,0,1,0,2,0,0,0,0,1,0,-1,1,0,0,0,0,0,0,0,0,0,0,0,https://pub-2e63cf2e06d3458d88136b6f050af040.r2.dev/index.html,1
0,19,1,0,0,0,0,0,0,0,0.0,1,2.0,1.5,0,-1,-1,0,1,1,1,1,2,0,0,1,0,-1,1,0,0,0,0,0,0,0,0,0,0,0,https://hgbm.se/de/,1
0,29,1,0,0,0,0,0,0,0,0.0,1,2.585,3.2776,0,-1,-1,0,1,0,1,0,0,0,0,1,0,-1,1,0,0,0,0,0,0,0,0,0,0,0,https://jzylev.com/qqSDndehBo,1
0,36,0,0,0,0,0,0,1,0,0.0,1,2.2516,-0.0,0,-1,-1,0,1,0,2,0,0,0,0,1,0,-1,1,0,0,1,0,0,0,0,0,0,0,0,https://portalmailupdate.weebly.com/,1
0,175,5,0,0,0,0,0,1,0,0.0,9,1.9183,5.4562,0,-1,-1,0,1,1,1,0,0,0,0,1,0,-1,1,0,0,0,3,0,0,0,0,0,0,0,https://docs.google.com/presentation/d/e/2PACX-1vSIJcfTil9sY2cbAOirlx3etAlpjRjOd693wUKJL6k5tyjZoemREYp8GlAOWM5jrt-4NRCJNtVt8rcp/pub?start=false&amp;loop=false&amp;delayms=3000,1
0,62,1,0,0,0,0,0,1,0,0.5,1,1.0,3.4594,0,-1,-1,0,1,0,2,0,0,0,0,1,0,-1,1,0,0,0,0,0,0,0,0,0,0,0,https://pub-493f78e882da461f9f7b36234703f59b.r2.dev/index.html,1
0,22,1,0,0,0,0,0,0,0,0.0,1,2.0,2.8074,0,-1,-1,0,1,0,4,0,0,0,0,1,0,-1,1,0,0,0,0,0,0,0,0,0,0,0,https://qrco.de/bgZRfV,1
0,72,1,0,0,0,0,0,1,0,0.5,1,1.0,3.7849,0,-1,-1,0,1,0,2,0,0,0,0,1,0,-1,1,0,0,0,0,0,0,0,0,0,0,0,https://pub-57b97f5e92c44ec1bf1497756f3c35e4.r2.dev/Alldomain-index.html,1
0,22,1,0,0,0,1,0,0,0,0.0,1,1.585,3.0,0,-1,-1,0,1,1,2,0,0,0,0,1,0,-1,1,0,0,0,0,0,0,0,0,0,0,0,https://bit.ly/4fMKd28,1
0,33,0,0,0,0,0,0,1,0,0.0,1,1.585,-0.0,0,-1,-1,0,1,0,1,0,0,0,0,1,0,-1,1,0,0,0,0,0,0,0,0,0,0,0,https://rondpoint-trajet.web.app/,1
0,181,5,0,0,0,0,0,1,0,0.0,10,1.9183,5.4111,0,-1,-1,0,1,1,1,0,0,0,0,1,0,-1,1,0,0,0,4,0,1,0,0,0,0,0,https://docs.google.com/presentation/d/e/2PACX-1vRod2NIukpuOTYf9RLpgulA1n06D4RESEQvoS1YIgS4VC8pqT9AGoaLilNL9Ou3RlTEKF7FmYeGLNKi/pub?start=false&loop=false&delayms=3000&slide=id.p%3E,1
0,33,0,0,0,0,0,0,1,0,0.0,1,2.2516,-0.0,0,-1,-1,0,1,0,2,0,0,0,0,1,0,-1,1,0,0,0,0,0,0,0,0,0,0,0,https://sandiafcuarea.weebly.com/,1
0,39,1,0,0,0,0,0,1,0,0.0,1,2.3219,2.9219,0,-1,-1,0,1,0,4,0,0,0,0,1,0,-1,1,0,0,0,0,0,0,0,0,0,0,0,https://connect-page.ghost.io/appsuite/,1
0,39,0,0,0,0,0,0,1,0,0.0,1,3.2776,-0.0,0,-1,-1,0,1,0,1,0,0,0,0,1,0,-1,1,0,0,0,0,0,0,0,0,0,0,0,https://validesucuenta.webcindario.com/,1
0,21,1,0,0,0,0,1,0,0,0.0,1,1.585,2.8074,0,-1,-1,0,1,0,4,0,0,0,0,1,0,-1,1,0,0,0,0,0,0,0,0,0,0,0,https://q-r.to/bgcXh6,1
0,32,0,0,0,0,0,0,1,0,0.0,1,2.2516,-0.0,0,-1,-1,0,1,0,2,0,0,0,0,1,0,-1,1,0,0,0,0,0,0,0,0,0,0,0,https://btemailauthh.weebly.com/,1
0,23,1,0,0,0,1,0,0,0,0.0,1,-0.0,3.4594,0,-1,-1,0,1,0,1,0,0,0,0,1,0,-1,1,0,0,0,0,0,0,0,0,0,0,0,https://t.co/6miJXMYuGR,1
0,54,0,0,0,0,0,0,2,0,0.0,1,2.5216,-0.0,0,-1,-1,0,1,0,2,0,0,0,0,1,0,-1,1,0,0,0,0,0,0,0,0,0,0,0,https://e1e6e4c7.e1e1de714f370d6f275a8fde.workers.dev/,1
0,119,0,0,0,0,0,1,1,0,0.0,13,3.4528,-0.0,0,-1,-1,0,1,0,1,0,0,0,0,1,0,-1,1,0,0,0,4,0,1,0,0,0,0,0,https://us22.campaign-archive.com/?e=5e8c0057c9&i=*%7CITERATION_UNIQUE_ID%7C*&u=d802732fca839bb95201e0ab4&id=fff6c22411,1
0,83,0,0,0,0,0,0,2,1,0.0,1,2.0,-0.0,0,-1,-1,0,1,0,2,0,0,0,0,1,0,-1,1,0,0,0,0,0,0,0,0,0,0,0,https://bafkreifzhtzhkrdzttwzgwfke6hhswcf5glxcxuqewcomvkoaeyrd2m7ee.ipfs.dweb.link/,1
0,33,0,0,0,0,0,0,1,0,0.0,1,2.914,-0.0,0,-1,-1,0,1,0,1,0,0,0,0,1,0,-1,1,0,0,0,0,0,0,0,0,0,0,0,https://asvedole.firebaseapp.com/,1
0,32,0,0,0,0,0,0,1,0,0.0,1,2.2516,-0.0,0,-1,-1,0,1,0,2,0,0,0,0,1,0,-1,1,0,0,0,0,0,0,0,0,0,0,0,https://8myvisionfcu.weebly.com/,1
0,68,0,0,0,0,0,1,1,0,0.2,1,4.1873,-0.0,0,-1,-1,0,0,0,0,0,0,0,0,0,0,-1,1,0,0,0,0,0,0,0,0,0,0,0,http://allegrolokalnie.pl-oferta8167231-sprzedam-macbook-m1-pro.sbs/,1
0,73,3,0,0,0,0,0,1,0,0.0,1,3.1808,3.3908,0,-1,-1,0,1,1,2,0,0,0,0,1,0,-1,1,0,0,1,0,0,0,0,0,0,0,0,https://btconnectupdateformplan01.surveysparrow.com/s/btconnect/tt-9c7b17,1
0,22,1,0,0,0,0,0,0,0,0.0,1,2.0,2.8074,0,-1,-1,0,1,0,4,0,0,0,0,1,0,-1,1,0,0,0,0,0,0,0,0,0,0,0,https://qrco.de/bftsrN,1
0,23,1,0,0,0,0,0,1,0,0.0,1,1.585,2.5216,0,-1,-1,0,1,0,4,1,2,0,0,1,0,-1,1,0,0,0,0,0,0,0,0,0,0,0,https://l.ead.me/bgbRLt,1
0,21,1,0,0,0,0,1,0,0,0.0,1,1.585,2.1281,0,-1,-1,0,1,0,4,0,0,0,0,1,0,-1,1,0,0,0,0,0,0,0,0,0,0,0,https://q-r.to/bgbbsA,1
0,175,5,0,0,0,0,0,1,0,0.0,9,1.9183,5.4761,0,-1,-1,0,1,1,1,0,0,0,0,1,0,-1,1,0,0,0,3,0,0,0,0,0,0,0,https://docs.google.com/presentation/d/e/2PACX-1vR8s1bkipNUSIgUyspm74ekjQ14GhdXw7QfenMySv9iRtOaUWnD3nhK7-o21Hyhhz7vNNErXw5mGVxN/pub?start=false&amp;loop=false&amp;delayms=3000,1
0,18,0,0,0,0,0,0,0,0,0.0,1,1.9183,0.0,0,-1,-1,0,1,1,3,0,0,0,0,1,0,-1,1,0,0,1,0,0,0,0,0,0,0,0,https://paypal.com,0
0,22,1,0,0,0,1,0,0,0,0.0,1,1.585,3.0,0,-1,-1,0,1,1,2,0,0,0,0,1,0,-1,1,0,0,0,0,0,0,0,0,0,0,0,https://bit.ly/3ZV8zle,1
0,35,0,0,0,0,0,0,1,0,0.0,1,2.914,-0.0,0,-1,-1,0,1,0,1,0,0,0,0,1,0,-1,1,0,0,0,0,0,0,0,0,0,0,0,https://zoho-26c66.firebaseapp.com/,1
0,81,3,0,0,0,0,0,1,0,0.0,5,2.2516,5.1049,0,-1,-1,0,1,0,2,0,0,0,0,1,0,-1,1,0,0,0,0,0,0,0,0,0,0,0,https://pageseuc1.actmkt.com/(S(2mlpn1q2irw5ar21c350ljvu))/l/c5X8MfZz6j9Y7Fto3LAd,1
0,36,0,0,0,0,0,0,1,0,0.0,1,1.585,-0.0,0,-1,-1,0,1,0,1,0,0,0,0,1,0,-1,1,0,0,1,0,0,0,0,0,0,0,0,https://confirm-hcucoopdata.web.app/,1
0,32,1,0,0,0,0,0,0,0,0.0,3,2.5216,2.585,0,-1,-1,0,1,1,2,0,0,0,0,1,0,-1,1,0,0,0,1,0,0,0,0,0,0,0,https://linqapp.com/jame4?r=link,1
0,22,1,0,0,0,1,0,0,0,0.0,1,1.585,3.0,0,-1,-1,0,1,1,2,0,0,0,0,1,0,-1,1,0,0,0,0,0,0,0,0,0,0,0,https://bit.ly/4c6tCnl,1
0,21,1,0,0,0,0,1,0,0,0.0,1,1.585,2.5216,0,-1,-1,0,1,0,4,0,0,0,0,1,0,-1,1,0,0,0,0,0,0,0,0,0,0,0,https://q-r.to/bgangS,1
0,35,0,0,0,0,0,0,1,0,0.0,1,1.585,-0.0,0,-1,-1,0,1,0,1,0,0,0,0,1,0,-1,1,0,0,0,0,0,0,0,0,0,0,0,https://niagaralodge-b41c4.web.app/,1
0,32,0,0,0,0,0,0,1,0,0.0,1,3.2776,0.0,0,-1,-1,0,1,0,1,0,0,0,0,1,0,-1,1,0,0,0,0,0,0,0,0,0,0,0,https://bn-auth1.webcindario.com,1
0,53,2,0,0,0,0,0,1,0,0.0,1,3.2776,3.4864,0,-1,-1,0,1,0,2,0,0,0,0,1,0,-1,1,0,0,0,0,0,0,0,0,0,0,0,https://links.truthsocial.com/link/116111230274494063,1
0,76,0,0,0,0,0,1,1,0,0.0,5,3.4528,-0.0,0,-1,-1,0,1,0,1,0,0,0,0,1,0,-1,1,0,0,0,2,0,0,0,0,0,0,0,https://us14.campaign-archive.com/?u=7249457a06c6342ff5378477b&id=cf755943df,1
0,175,5,0,0,0,0,0,1,0,0.0,9,1.9183,5.421,0,-1,-1,0,1,1,1,0,0,0,0,1,0,-1,1,0,0,0,3,0,0,0,0,0,0,0,https://docs.google.com/presentation/d/e/2PACX-1vQ5H7AafWpHI4N8TvD2xJOjzcuHLX8ntuFrprR1ddENBjiI5W3ME9bNXkTX1ktcOQXo1NOXXLxxv66D/pub?start=false&amp;loop=false&amp;delayms=3000,1
0,82,3,0,0,0,0,0,1,0,0.0,3,1.9183,4.496,0,-1,-1,0,1,0,1,0,0,0,0,1,0,-1,1,0,0,0,0,0,1,0,0,0,0,0,https://sites.google.com/view/ingresaenbandatosru-ral2023bmw/p%C3%A1gina-principal,1
0,21,1,0,0,0,0,1,0,0,0.0,1,1.585,2.8074,0,-1,-1,0,1,0,4,0,0,0,0,1,0,-1,1,0,0,0,0,0,0,0,0,0,0,0,https://q-r.to/bfIlPe,1
0,22,1,0,0,0,1,0,0,0,0.0,1,1.585,3.0,0,-1,-1,0,1,1,2,0,0,0,0,1,0,-1,1,0,0,0,0,0,0,0,0,0,0,0,https://bit.ly/4gJ6MVk,1
0,22,1,0,0,0,1,0,0,0,0.0,1,1.585,2.75,0,-1,-1,0,1,1,2,0,0,0,0,1,0,-1,1,0,0,0,0,0,0,0,0,0,0,0,https://bit.ly/4h3ezhm,1
0,22,1,0,0,0,0,0,0,0,0.0,1,2.0,2.8074,0,-1,-1,0,1,0,4,0,0,0,0,1,0,-1,1,0,0,0,0,0,0,0,0,0,0,0,https://qrco.de/bgftTP,1
0,62,1,0,0,0,0,0,1,0,0.5,1,1.0,3.4594,0,-1,-1,0,1,0,2,0,0,0,0,1,0,-1,1,0,0,0,0,0,0,0,0,0,0,0,https://pub-225d7290d0da4d5e8555183cd264a146.r2.dev/index.html,1
0,175,5,0,0,0,0,0,1,0,0.0,9,1.9183,5.4894,0,-1,-1,0,1,1,1,0,0,0,0,1,0,-1,1,0,0,0,3,0,0,0,0,0,0,0,https://docs.google.com/presentation/d/e/2PACX-1vQpMBWieo8iwxPdcJ-6xAQ3ofhFH-L0jGBdxB0Mp4fAM169PmXNAz4RbCkgW3sCFRPNlsqmN8zfb_bX/pub?start=false&amp;loop=false&amp;delayms=3000,1
0,54,3,0,0,0,0,0,0,0,0.0,1,3.0,4.3372,0,-1,-1,0,1,1,1,0,0,0,0,1,0,-1,1,0,0,0,0,0,0,0,0,0,0,0,https://gracehwl.com/amendes-antai-gouv/tai/t47PbVlqpy,1
0,62,1,0,0,0,0,0,1,0,0.5,1,1.0,3.4594,0,-1,-1,0,1,0,2,0,0,0,0,1,0,-1,1,0,0,0,0,0,0,0,0,0,0,0,https://pub-a3e7b4d7b2814df69bfe59666c8ec9fa.r2.dev/index.html,1
0,175,5,0,0,0,0,0,1,0,0.0,9,1.9183,5.5246,0,-1,-1,0,1,1,1,0,0,0,0,1,0,-1,1,0,0,0,3,0,0,0,0,0,0,0,https://docs.google.com/presentation/d/e/2PACX-1vTLWTA3rLRbjmhbJ-3EGkD4kUCZKGth4otMRXHa9kvk8JNVVvAeiDlGOmvEIY7EyHJhe6WScjtFbt3k/pub?start=false&amp;loop=false&amp;delayms=3000,1
0,34,0,0,0,0,0,0,1,0,0.0,1,2.2516,-0.0,0,-1,-1,0,1,0,2,0,0,0,0,1,0,-1,1,0,0,0,0,0,0,0,0,0,0,0,https://citybvnk0nline.weebly.com/,1
0,48,0,0,0,0,0,0,1,0,0.0,1,2.5216,-0.0,0,-1,-1,0,1,0,2,0,0,0,0,1,0,-1,1,0,0,1,0,0,0,0,0,0,0,0,https://sbcglobal-att-signing-8cd9b7.webflow.io/,1
0,40,1,0,0,0,0,1,1,0,0.5556,1,2.9477,2.6887,0,-1,-1,0,0,0,0,0,0,0,0,1,0,-1,1,0,0,0,0,0,0,0,0,0,0,0,https://gerbet.ope-11708.pro/captcha.php,1
0,33,0,0,0,0,0,0,1,0,0.0,1,1.585,-0.0,0,-1,-1,0,1,0,1,0,0,0,0,1,0,-1,1,0,0,0,0,0,0,0,0,0,0,0,https://acceservicelogfr.web.app/,1
0,175,5,0,0,0,0,0,1,0,0.0,9,1.9183,5.5717,0,-1,-1,0,1,1,1,0,0,0,0,1,0,-1,1,0,0,0,3,0,0,0,0,0,0,0,https://docs.google.com/presentation/d/e/2PACX-1vQ_eU5TaEBkN92t2SKO59en4L0fmbyaxA3v4Mm5J0QFGZMcDbiS0f9fcRPJWkbqPI6TM6QA-K3vTxqG/pub?start=false&amp;loop=false&amp;delayms=3000,1
0,175,5,0,0,0,0,0,1,0,0.0,9,1.9183,5.5705,0,-1,-1,0,1,1,1,0,0,0,0,1,0,-1,1,0,0,0,3,0,0,0,0,0,0,0,https://docs.google.com/presentation/d/e/2PACX-1vQXQLqbuBoAWlHZnE65G5jQb34WRzxOjcELmPaQpgFu72b2XV2_TrDecczJSxGywDm3GHzYAjRrC-sW/pub?start=false&amp;loop=false&amp;delayms=3000,1
0,40,0,0,0,0,0,0,1,0,0.0,1,3.0221,-0.0,0,-1,-1,0,1,0,2,0,0,0,0,1,0,-1,1,0,0,0,0,0,0,0,0,0,0,0,https://site-ib0f5796o.godaddysites.com/,1
0,31,1,0,0,0,0,0,0,0,0.2222,1,2.9477,3.2776,0,-1,-1,0,0,0,0,0,0,0,0,1,0,-1,1,0,0,0,0,0,0,0,0,0,0,0,https://lytm63lza.cn/kbtxmj.php,1
0,23,0,0,0,0,0,1,0,0,0.0,1,2.7219,-0.0,0,-1,-1,0,0,0,0,0,0,0,0,1,0,-1,1,0,0,0,0,0,0,0,0,0,0,0,https://trj-dstrbs.net/,1
0,26,1,0,0,0,0,1,0,0,0.0,1,3.0,2.8074,0,-1,-1,0,1,1,4,0,0,0,0,1,0,-1,1,0,0,0,0,0,0,0,0,0,0,0,https://qr-codes.io/Iig7YN,1
0,25,0,0,0,0,0,0,0,0,0.0,1,3.2516,-0.0,0,-1,-1,0,1,1,2,0,0,0,0,1,0,-1,1,0,0,0,0,0,0,0,0,0,0,0,https://trpmediation.com/,1
0,22,1,0,0,0,0,0,0,0,0.0,1,2.0,2.8074,0,-1,-1,0,1,0,4,0,0,0,0,1,0,-1,1,0,0,0,0,0,0,0,0,0,0,0,https://qrco.de/bgZsQN,1
0,31,1,0,0,0,0,0,0,0,0.0,1,2.0,3.5069,0,-1,-1,0,1,1,2,0,0,0,0,1,0,-1,1,0,0,1,0,0,0,0,0,0,0,0,https://many.bio/supportcliemts,1
0,47,1,0,0,0,0,0,1,0,0.125,1,2.75,2.7744,0,-1,-1,0,1,0,4,0,0,0,0,1,0,-1,1,0,0,0,0,0,0,0,0,0,0,0,https://ihgdhsehss.w3spaces.com/idifififif.html,1
0,23,1,0,0,0,0,0,0,0,0.0,1,2.2359,1.5,0,-1,-1,0,1,0,2,0,0,0,0,1,0,-1,1,0,0,0,0,0,0,0,0,0,0,0,https://morxiro.com/jp/,1
0,37,2,0,0,0,0,0,1,0,0.0,1,2.3219,3.7871,0,-1,-1,0,1,1,1,0,0,0,0,0,0,-1,1,0,0,0,0,0,0,0,0,0,0,0,http://mm.ipros.jp/c/agggbvyUdorRl1bE,1
0,76,0,0,0,0,0,1,1,0,0.0,5,3.4528,-0.0,0,-1,-1,0,1,0,1,0,0,0,0,1,0,-1,1,0,0,0,2,0,0,0,0,0,0,0,https://us11.campaign-archive.com/?u=da94debe24cc555fbbd0448c0&id=0b76215d07,1
0,22,1,0,0,0,0,0,0,0,0.0,1,2.0,2.5216,0,-1,-1,0,1,0,4,0,0,0,0,1,0,-1,1,0,0,0,0,0,0,0,0,0,0,0,https://qrco.de/bdsLLq,1
0,67,2,0,0,0,0,0,1,0,0.0,1,2.4056,3.9954,0,-1,-1,0,1,0,1,0,0,0,0,1,0,-1,1,0,0,0,0,0,0,0,0,0,0,0,https://lite.evernote.com/note/2fecb31a-c423-892b-582c-3f59620a922b,1
0,51,2,0,0,0,0,0,2,0,0.0,1,2.3219,4.0958,0,-1,-1,0,1,0,4,0,0,0,0,1,0,-1,1,0,0,0,0,0,0,0,0,0,0,0,https://new.express.adobe.com/webpage/7aOWfVM1XAwlB,1
0,115,1,0,0,0,0,0,1,0,0.0,9,2.7255,3.7202,0,-1,-1,0,1,0,1,0,0,0,0,1,0,-1,1,0,0,0,3,0,0,0,0,0,0,0,https://xdl82h0t2swf-pages-dev.translate.goog/site3.sbisec.co.jp.html?_x_tr_sch=&amp;_x_tr_sl=monex&amp;_x_tr_tl=ja,1
0,23,1,0,0,0,0,0,1,0,0.0,1,1.585,2.5216,0,-1,-1,0,1,0,4,1,2,0,0,1,0,-1,1,0,0,0,0,0,0,0,0,0,0,0,https://l.ead.me/bgaB6b,1
0,21,1,0,0,0,0,1,0,0,0.0,1,1.585,2.8074,0,-1,-1,0,1,0,4,0,0,0,0,1,0,-1,1,0,0,0,0,0,0,0,0,0,0,0,https://q-r.to/bgc7iR,1
0,51,2,0,0,0,0,0,2,0,0.0,1,2.3219,4.1524,0,-1,-1,0,1,0,4,0,0,0,0,1,0,-1,1,0,0,0,0,0,0,0,0,0,0,0,https://new.express.adobe.com/webpage/4mWGKtelT7QBf,1
0,186,5,0,0,0,0,0,1,0,0.0,11,1.9183,5.5474,0,-1,-1,0,1,1,1,0,0,0,0,1,0,-1,1,0,0,0,4,0,0,0,0,0,0,0,https://docs.google.com/presentation/d/e/2PACX-1vSsGGYX_SOO3fELeQTH3Dkdq0UGQFC4x5TLnVclLxUfTjAJx2SX6mtIc0WsbtnmJvDbJ862cz20WJbN/pub?start=false&amp;loop=false&amp;delayms=3000&slide=id.p,1
0,94,2,0,0,0,0,1,1,0,0.0,1,3.2389,4.5302,0,-1,-1,0,1,0,1,0,0,0,0,1,0,-1,1,0,0,0,0,0,0,0,0,0,0,0,https://ipfs.best-practice.se/ipfs/bafybeienzqpmqoblmx7k2svksfvjfsmlgmvmcbcmhrjfeox5znx2hebacy,1
0,48,2,0,0,0,0,0,1,0,0.0,1,1.9183,3.6573,0,-1,-1,0,1,0,1,0,0,0,0,1,0,-1,1,0,0,0,0,0,0,0,0,0,0,0,https://sites.google.com/view/monbonusclicetmoi/,1
0,68,1,0,0,0,0,0,1,0,0.0,3,1.0,2.7255,0,-1,-1,0,1,0,5,0,0,0,0,1,0,-1,1,0,0,0,1,0,0,0,0,0,0,0,https://away.vk.com/away.php?rh=7c9c7bbb-a001-4ce4-8212-e5889badff14,1
0,37,0,0,0,0,0,0,1,0,0.0,1,2.914,-0.0,0,-1,-1,0,1,0,1,0,0,0,0,1,0,-1,1,0,0,0,0,0,0,0,0,0,0,0,https://ejusdemfarin.firebaseapp.com/,1
0,38,2,0,0,0,0,0,1,0,0.0,1,1.9183,3.3249,0,-1,-1,0,1,0,1,0,0,0,0,1,0,-1,1,0,0,0,0,0,0,0,0,0,0,0,https://sites.google.com/view/mmsrtdj/,1
0,23,1,0,0,0,0,0,1,0,0.0,1,1.585,2.8074,0,-1,-1,0,1,0,4,1,2,0,0,1,0,-1,1,0,0,0,0,0,0,0,0,0,0,0,https://l.ead.me/bfJDNp,1
0,22,1,0,0,0,1,0,0,0,0.0,1,1.585,3.0,0,-1,-1,0,1,1,2,0,0,0,0,1,0,-1,1,0,0,0,0,0,0,0,0,0,0,0,https://bit.ly/3ZC4H8e,1
0,37,1,0,0,0,0,0,1,0,0.0,1,2.585,1.9183,0,-1,-1,0,1,0,4,0,0,0,0,1,0,-1,1,0,0,0,0,0,0,0,0,0,0,0,https://pl-invest2025.github.io/2025/,1
0,21,1,0,0,0,0,1,0,0,0.0,1,1.585,2.5216,0,-1,-1,0,1,0,4,0,0,0,0,1,0,-1,1,0,0,0,0,0,0,0,0,0,0,0,https://q-r.to/bgbpPL,1
0,22,1,0,0,0,0,0,0,0,0.0,1,2.0,2.8074,0,-1,-1,0,1,0,4,0,0,0,0,1,0,-1,1,0,0,0,0,0,0,0,0,0,0,0,https://qrco.de/bfSTVK,1
0,175,5,0,0,0,0,0,1,0,0.0,9,1.9183,5.5356,0,-1,-1,0,1,1,1,0,0,0,0,1,0,-1,1,0,0,0,3,0,0,0,0,0,0,0,https://docs.google.com/presentation/d/e/2PACX-1vQ5HCwyHkL7fkCprouiofT1aYvBsFuTwTO8btKBZD5gE1lsW9bkvzRKiUE2tN_dUrBr0yY-DKnzjcwO/pub?start=false&amp;loop=false&amp;delayms=3000,1
0,23,2,0,0,0,1,0,0,0,0.0,1,1.585,1.8911,0,-1,-1,0,1,1,2,0,0,0,0,1,0,-1,1,0,0,0,0,0,0,0,0,0,0,0,https://bit.ly/m/btbtbt,1
0,28,0,0,0,0,0,0,0,0,0.0,1,2.8226,-0.0,0,-1,-1,0,0,0,0,0,0,0,0,1,0,-1,1,0,0,0,0,0,0,0,0,0,0,0,https://moyamaximiliano.com/,1
0,45,1,0,0,0,0,0,1,0,0.0,1,2.9477,2.585,0,-1,-1,0,1,0,1,0,0,0,0,1,0,-1,1,0,0,0,0,0,0,0,0,0,0,0,https://trezosuites-trezo.wixstudio.com/en-us,1
0,110,3,0,0,0,0,1,1,0,0.0,1,3.2389,4.804,0,-1,-1,0,1,0,1,0,0,0,0,1,0,-1,1,0,0,0,0,0,0,0,0,0,0,0,https://ipfs.best-practice.se/ipfs/bafybeia4ghp5o72eucwl2vki64rbcu6crk2mzlarhnvx42r5ol3ovnbyeu/asia_share.html,1
0,24,0,0,0,0,0,0,0,0,0.0,1,3.1887,-0.0,0,-1,-1,0,1,1,1,0,0,0,0,1,0,-1,1,0,0,0,0,0,0,0,0,0,0,0,https://cardanostake.io/,1
0,75,0,0,0,0,0,1,1,0,0.0,5,3.4528,-0.0,0,-1,-1,0,1,0,1,0,0,0,0,1,0,-1,1,0,0,0,2,0,0,0,0,0,0,0,https://us9.campaign-archive.com/?u=fef845ce8f640258b3c150f2c&id=ecf2875b4b,1
0,37,0,0,0,0,0,0,1,0,0.0,1,2.914,-0.0,0,-1,-1,0,1,0,1,0,0,0,0,1,0,-1,1,0,0,0,0,0,0,0,0,0,0,0,https://sceavenaresg.firebaseapp.com/,1
0,28,1,0,0,0,1,0,0,0,0.0,1,2.8074,3.1699,0,-1,-1,0,1,1,2,0,0,0,0,1,0,-1,1,0,0,0,0,0,0,0,0,0,0,0,https://tinyurl.com/2vtfw3zj,1
0,175,5,0,0,0,0,0,1,0,0.0,9,1.9183,5.5271,0,-1,-1,0,1,1,1,0,0,0,0,1,0,-1,1,0,0,0,3,0,0,0,0,0,0,0,https://docs.google.com/presentation/d/e/2PACX-1vR2WHODuYr-KtusY5oXCbeibN9R3IJKamr-vfr4gb8sMpSv1EsGCjENJByxVCwqXyvvuVmjcCO_w2kF/pub?start=false&amp;loop=false&amp;delayms=3000,1
0,94,2,0,0,0,0,1,1,0,0.0,1,3.2389,4.7647,0,-1,-1,0,1,0,1,0,0,0,0,1,0,-1,1,0,0,0,0,0,0,0,0,0,0,0,https://ipfs.best-practice.se/ipfs/bafybeifkzjedon3gsio76zaxs2w6nm7dghqxsl3ikylmrslxj4ic2bwuoy,1
0,21,1,0,0,0,0,1,0,0,0.0,1,1.585,2.8074,0,-1,-1,0,1,0,4,0,0,0,0,1,0,-1,1,0,0,0,0,0,0,0,0,0,0,0,https://q-r.to/bfQv1c,1
0,36,0,0,0,0,0,0,1,0,0.0,1,2.914,-0.0,0,-1,-1,0,1,0,1,0,0,0,0,1,0,-1,1,0,0,0,0,0,0,0,0,0,0,0,https://dalga-water.firebaseapp.com/,1
0,39,0,0,0,0,0,0,2,0,0.0,1,2.5216,-0.0,0,-1,-1,0,1,0,2,0,0,0,0,1,0,-1,1,0,0,0,0,0,0,0,0,0,0,0,https://trzkmdsf8.kjgt65yh.workers.dev/,1
0,26,0,0,0,0,0,1,0,0,0.0,1,3.085,-0.0,0,-1,-1,0,0,0,0,0,0,0,0,1,0,-1,1,0,0,0,0,0,0,0,0,0,0,0,https://evri-parcelp.shop/,1
0,51,2,0,0,0,0,0,2,0,0.0,1,2.3219,4.1867,0,-1,-1,0,1,0,4,0,0,0,0,1,0,-1,1,0,0,0,0,0,0,0,0,0,0,0,https://new.express.adobe.com/webpage/itbKzsjER3xDU,1
0,22,1,0,0,0,1,0,0,0,0.0,1,1.585,3.0,0,-1,-1,0,1,1,2,0,0,0,0,1,0,-1,1,0,0,0,0,0,0,0,0,0,0,0,https://bit.ly/3Yu5Azw,1
0,40,1,0,0,0,0,0,1,0,0.4545,1,3.0958,2.6887,0,-1,-1,0,0,0,0,0,0,0,0,1,0,-1,1,0,0,0,0,0,0,0,0,0,0,0,https://porc.domici11920.pro/captcha.php,1
0,21,1,0,0,0,0,1,0,0,0.0,1,1.585,2.8074,0,-1,-1,0,1,0,4,0,0,0,0,1,0,-1,1,0,0,0,0,0,0,0,0,0,0,0,https://q-r.to/bgcUpq,1
0,104,3,0,0,0,0,1,1,0,0.0,1,3.2389,4.7886,0,-1,-1,0,1,0,1,0,0,0,0,1,0,-1,1,0,0,0,0,0,0,0,0,0,0,0,https://ipfs.best-practice.se/ipfs/bafybeibxtd64bmzshy5toxirjnutdfkglizuqy4j3e27gss7qd2z74ems4/link.html,1
0,70,2,0,0,0,0,0,0,0,0.0,1,2.3219,4.1809,0,-1,-1,0,1,1,3,0,0,0,0,1,0,-1,1,0,0,0,0,0,0,0,0,0,0,0,https://prezo.ai/public/untitled--eb1b682a-d4da-407c-86ca-b11cee52db2e,1
0,23,1,0,0,0,0,0,1,0,0.0,1,1.585,2.8074,0,-1,-1,0,1,0,4,1,2,0,0,1,0,-1,1,0,0,0,0,0,0,0,0,0,0,0,https://l.ead.me/bgZycx,1
0,83,0,0,0,0,0,0,2,1,0.0,1,2.0,-0.0,0,-1,-1,0,1,0,2,0,0,0,0,1,0,-1,1,0,0,0,0,0,0,0,0,0,0,0,https://bafkreicd6ixabzbyxbbtyuh3jxauh5zsrxphafos3dh6ptq2vacreyvhdy.ipfs.dweb.link/,1
0,37,0,0,0,0,0,0,1,0,0.0,1,2.2516,-0.0,0,-1,-1,0,1,0,2,0,0,0,0,1,0,-1,1,0,0,1,0,0,0,0,0,0,0,0,https://mailupdatesection.weebly.com/,1
0,39,1,0,0,0,0,0,1,0,0.0,1,2.5216,3.1219,0,-1,-1,0,1,0,1,0,0,0,0,1,0,-1,1,0,0,0,0,0,0,0,0,0,0,0,https://big750530.wixsite.com/my-site-1,1
0,175,5,0,0,0,0,0,1,0,0.0,9,1.9183,5.381,0,-1,-1,0,1,1,1,0,0,0,0,1,0,-1,1,0,0,0,3,0,0,0,0,0,0,0,https://docs.google.com/presentation/d/e/2PACX-1vTRX2Dr32ifWs-Cahj642_zZ-avSojX_wAsPgvpx7yMPyuWVuUW2FjlqwoeAL-fqLMZDlGjtaaWLvTw/pub?start=false&amp;loop=false&amp;delayms=3000,1
0,48,1,0,0,0,0,0,1,0,0.0,1,2.5216,4.0018,0,-1,-1,0,0,0,0,0,0,0,0,1,0,-1,1,0,0,0,0,0,0,0,0,0,0,0,https://uuvlf.nterrfo.cfd/kwodzsebmlgaMtylwdyeit,1
0,39,0,0,0,0,0,0,1,0,0.0,1,2.2516,-0.0,0,-1,-1,0,1,0,2,0,0,0,0,1,0,-1,1,0,0,1,0,0,0,0,0,0,0,0,https://verifychartwaycuonl.weebly.com/,1
0,29,0,0,0,0,0,0,1,0,0.5455,1,3.0958,-0.0,0,-1,-1,0,1,0,2,0,0,0,0,1,0,-1,1,0,0,0,0,0,0,0,0,0,0,0,https://zibb.acces448216.pro/,1
0,51,2,0,0,0,0,0,2,0,0.0,1,2.3219,4.2776,0,-1,-1,0,1,0,4,0,0,0,0,1,0,-1,1,0,0,0,0,0,0,0,0,0,0,0,https://new.express.adobe.com/webpage/O87vCWnsjM4Vf,1
0,44,1,0,0,0,0,0,1,0,0.0,1,2.5216,2.9477,0,-1,-1,0,1,0,1,0,0,0,0,1,0,-1,1,0,0,0,0,0,0,0,0,0,0,0,https://carlosestrellan.wixsite.com/espana10,1
0,190,5,0,0,0,0,0,1,0,0.0,12,1.9183,5.603,0,-1,-1,0,1,1,1,0,0,0,0,1,0,-1,1,0,0,0,4,0,0,0,0,0,0,0,https://docs.google.com/presentation/d/e/2PACX-1vTg7vC8d0rEuyk430VMnO-BGAGZTjWy6TQbLdlMZrSsx3U71xkaJSO2tryNYlqH1zGB9XA_Toy64XoJ/pub?start=false&amp;loop=false&amp;delayms=3000&amp;slide=id.p,1
0,36,0,0,0,0,0,0,1,0,0.0,1,2.914,-0.0,0,-1,-1,0,1,0,1,0,0,0,0,1,0,-1,1,0,0,0,0,0,0,0,0,0,0,0,https://cutter-made.firebaseapp.com/,1
0,23,1,0,0,0,1,0,0,0,0.0,1,-0.0,3.4594,0,-1,-1,0,1,0,1,0,0,0,0,1,0,-1,1,0,0,0,0,0,0,0,0,0,0,0,https://t.co/72S1vlzL6D,1
0,22,1,0,0,0,0,0,0,0,0.0,1,2.0,2.5216,0,-1,-1,0,1,0,4,0,0,0,0,1,0,-1,1,0,0,0,0,0,0,0,0,0,0,0,https://qrco.de/bgbkBS,1
0,62,1,0,0,0,0,0,1,0,0.5,1,1.0,3.4594,0,-1,-1,0,1,0,2,0,0,0,0,1,0,-1,1,0,0,0,0,0,0,0,0,0,0,0,https://pub-6c2025a4f4d14be292b733b023a6fe84.r2.dev/index.html,1
0,52,2,0,0,0,0,0,1,0,0.0,1,2.5216,4.5132,0,-1,-1,0,1,0,1,0,0,0,0,1,0,-1,1,0,0,0,0,0,0,0,0,0,0,0,https://www.dropbox.com/request/vJUsYvW9BMp5f8EKfZRi,1
0,76,0,0,0,0,0,1,1,0,0.0,5,3.4528,-0.0,0,-1,-1,0,1,0,1,0,0,0,0,1,0,-1,1,0,0,0,2,0,0,0,0,0,0,0,https://us10.campaign-archive.com/?u=425785461a502b90bc91c49cf&id=bea5de4fbd,1
0,35,0,0,0,0,0,0,1,0,0.0,1,1.585,-0.0,0,-1,-1,0,1,0,1,0,0,0,0,1,0,-1,1,0,0,0,0,0,0,0,0,0,0,0,https://quedeszonepositide.web.app/,1
0,22,1,0,0,0,0,0,0,0,0.0,1,2.0,2.8074,0,-1,-1,0,1,0,4,0,0,0,0,1,0,-1,1,0,0,0,0,0,0,0,0,0,0,0,https://qrco.de/bfG1Zq,1
0,32,0,0,0,0,0,0,1,0,0.0,1,3.0272,-0.0,0,-1,-1,0,1,0,1,0,0,0,0,1,0,-1,1,0,0,0,0,0,0,0,0,0,0,0,https://deedfe1.myportfolio.com/,1
0,34,0,0,0,0,0,0,1,0,0.0,1,2.914,-0.0,0,-1,-1,0,1,0,1,0,0,0,0,1,0,-1,1,0,0,0,0,0,0,0,0,0,0,0,https://routemain.firebaseapp.com/,1
0,42,2,0,0,0,0,0,1,0,0.0,1,2.5216,3.0219,0,-1,-1,0,1,0,1,0,0,0,0,1,0,-1,1,0,0,0,0,0,0,0,0,0,0,0,https://eu.jotform.com/app/252515250402343,1
0,40,0,0,0,0,0,0,1,0,0.0,1,2.2516,-0.0,0,-1,-1,0,1,0,2,0,0,0,0,1,0,-1,1,0,0,1,0,0,0,0,0,0,0,0,https://id-0000777-updatenow.weebly.com/,1
0,42,1,0,0,0,0,0,1,0,0.0,1,2.585,3.2359,0,-1,-1,0,1,0,4,0,0,0,0,1,0,-1,1,0,0,0,0,0,0,0,0,0,0,0,https://mannan2010.github.io/insta.design/,1
0,83,0,0,0,0,0,0,2,1,0.0,1,2.0,-0.0,0,-1,-1,0,1,0,2,0,0,0,0,1,0,-1,1,0,0,0,0,0,0,0,0,0,0,0,https://bafybeihrfdsd7s4oi3tgcj663rsz5etbixwzub72ovtazjf2ekidtawce4.ipfs.dweb.link/,1
0,22,1,0,0,0,1,0,0,0,0.0,1,1.585,3.0,0,-1,-1,0,1,1,2,0,0,0,0,1,0,-1,1,0,0,0,0,0,0,0,0,0,0,0,https://bit.ly/4eBfPGQ,1
0,48,1,0,0,0,0,0,1,0,0.0,1,2.585,3.6978,0,-1,-1,0,1,0,4,0,0,0,0,1,0,-1,1,0,0,1,0,1,0,0,0,0,0,0,https://yahoojkj.github.io/http-yahoomailsignin/,1
0,190,5,0,0,0,0,0,1,0,0.0,12,1.9183,5.4549,0,-1,-1,0,1,1,1,0,0,0,0,1,0,-1,1,0,0,0,4,0,0,0,0,0,0,0,https://docs.google.com/presentation/d/e/2PACX-1vQHIFQD-AaGfVFUQCwwNTinqsQngLxyoazUp-ZhGqupODvK8lQMsRPAxrY3QHKH2oes2zRLH7uVfXP7/pub?start=false&amp;loop=false&amp;delayms=3000&amp;slide=id.p,1
0,27,1,0,0,0,0,0,0,0,0.0,1,2.0,2.7219,0,-1,-1,0,1,1,2,0,0,0,0,1,0,-1,1,0,0,0,0,0,0,0,0,0,0,0,https://flow.page/mymailatt,1
0,23,1,0,0,0,0,0,1,0,0.0,1,1.585,2.8074,0,-1,-1,0,1,0,4,1,2,0,0,1,0,-1,1,0,0,0,0,0,0,0,0,0,0,0,https://l.ead.me/bgcDLG,1
0,59,1,0,0,0,0,0,1,0,0.0,1,2.5216,4.5736,0,-1,-1,0,1,0,1,0,0,0,0,1,0,-1,1,0,0,0,0,0,0,0,0,0,0,0,https://share-eu1.hsforms.com/2RH1rTmhySUOEnjkdKaaCsQ2ewrne,1
